Codigo,Categoria,Estado,Municipio,Ubicación,Area Hidrografica,Zona Hidrografica,Subzona hidrografica,Nombre,Dirección (por favor incluya el nombre del barrio),Teléfono(s) ,E-mail ,Página web ,Redes sociales del proveedor,Detalles
21206920,Cerámica y porcelana,Activa,"Bogota, D.C","(4.35, -74.15)",Magdalena Cauca,Alto Magdalena,Río Bogotá,Don Abelino Pulido,Cra 107 B #155-17 (ACCESO 108),310 2186919,,,,"Taller completo de cerámica y porcelana, desde enseñanza hasta los insumos necesarios"
21206940,Cerámica y esmaltado,Suspendida,"Bogota, D.C","(4.57686111, -74.17677778)",Magdalena Cauca,Alto Magdalena,Río Bogotá,Eli's pottery ,Tv. 26 #53c 37. Chapinero sur occidental,+57 312 4341624,,,Instagram: @elispottery,"Vaciado de barbotina, sinterizado y esmaltado de piezas cerámicas."
21206960,Insumos cerámica,Activa,"Bogota, D.C","(4.6, -74.06666667)",Magdalena Cauca,Alto Magdalena,Río Bogotá,José Darío ,Cachipai,+57 315 3491070,,,,En insumos materia prima para producir piezas de cerámicas
21205012,Fabricación cerámica,Activa,"Bogota, D.C","(4.63808333, -74.08908333)",Magdalena Cauca,Alto Magdalena,Río Bogotá,Eliana León,"Tv. 26 #53c-37, galerías ",3124341624,elispottery@gmail.com,,Instagram: elispottery,Fabricación de piezas en cerámica 
2120500127,Cerámica y esmaltado,Activa,"Bogota, D.C","(4.62166667, -74.10333333)",Magdalena Cauca,Alto Magdalena,Río Bogotá,Abelino Pulido,Suba,3102186919,,,,"Juego de 6 piezas de cerámica. Curso de Cerámica. Asesoría, uso de hornos y esmalte."
21206570,Fabricación cerámica,Suspendida,"Bogota, D.C","(4.70558333, -74.15066667)",Magdalena Cauca,Alto Magdalena,Río Bogotá,Abelino Pulido,Suba- Avenida Cali,3102186919,,,,"Todo el proceso de enseñanza para hacer unas piezas cerámicas
Desde la elaboración del modelo, molde, barbotina, horneado y acabados"
21206600,Piezas metálicas,Activa,"Bogota, D.C","(4.78222222, -74.09433333)",Magdalena Cauca,Alto Magdalena,Río Bogotá,Ingenieria estructural de Colombia,Cl. 7 #28 - 13 Ricaurte,3105780467,,,https://www.facebook.com/Ingestcol/,"Asesoramiento en el proceso y forma de una pieza metalica, se genero una prueba de como se haria un proceso manual por la forma que se selecciono y asesoranro para el cambio de forma y el proceso a desarrollar aunque no se hiciera con ellos"
21205710,Corte metal,Activa,"Bogota, D.C","(4.66933333, -74.10266667)",Magdalena Cauca,Alto Magdalena,Río Bogotá,Metal cut CNC,Cra. 29 # 8 - 41,4813360,,,,Corte de laminas de acero inoxidable calibre 14 por cizalla
21206560,Publicidad e impresión,Activa,"Bogota, D.C","(4.66111111, -74.13477778)",Magdalena Cauca,Alto Magdalena,Río Bogotá,Target Digital ,"Cl. 9 #27-70, Ricaurte",316 4946408,targetcreativo@gmail.com,,,Impresion en baner 2 pendones de 50cm x 100cm
21206230,Herramientas eléctricas y tornillería,Suspendida,"Bogota, D.C","(4.66166667, -74.15141944)",Magdalena Cauca,Alto Magdalena,Río Bogotá,MECANELECTRO ,Av.Caracas (Cra 20b) No. 76 – 54 Bogotá / Calle 13 No. 22 – 96 Bogotá / (Cra 45) No. 127b - 85 Bogotá,321 473 6780-313 466 8386 - 310 217 3776,almacen.paloquemao@mecanelectro.com.co,,,Herramientas eléctricas
21205529,Herramientas eléctricas y tornillería,Activa,"Bogota, D.C","(4.66754167, -74.06044722)",Magdalena Cauca,Alto Magdalena,Río Bogotá,Ferretería Castaño,"Cra 25 #13-13, BOGOTÁ",6013750595,,,,Herramientas eléctricas y tornillería
21202280,Herramientas eléctricas y tornillería,Activa,"Bogota, D.C","(4.684, -74.129)",Magdalena Cauca,Alto Magdalena,Río Bogotá,TORCOL,"Av 1 de Mayo # 69 c 26, Bogotá",3229417829,,,,Herramientas y Tornillería
21206190,Pinturas y herramientas menores,Suspendida,"Bogota, D.C","(4.66666667, -74.06666667)",Magdalena Cauca,Alto Magdalena,Río Bogotá,M&D Pinturas,Principal - Av. calle 72#82-73 / Las ferias - Av. Calle 72 # 68f - 10 / Prado veraniego - Calle 129 # 52 - 63 / Suba - Calle 139 # 101 - 06 / Usaquen - Carrera 7 # 120A - 28,3218365778,,,,Pinturas y herramientas menores
21206000,Pinturas y herramientas menores,Suspendida,"Bogota, D.C","(4.68075, -74.12363889)",Magdalena Cauca,Alto Magdalena,Río Bogotá,El club de los colores,Calle 23 #20 - 39 - Bogota,3128183 - 6965729 - 2682424 - 3379249,info@elclubdeloscolores.com,,,Pinturas
21206540,Pinturas y herramientas menores,Suspendida,"Bogota, D.C","(4.68694444, -74.05422222)",Magdalena Cauca,Alto Magdalena,Río Bogotá,Pinturas Tito Pabon,Carrera 27 # 78 44 Barrio Santa Sofía,Tel. 660 66 31 Celular: 310 276 8579 WhatsApp: 350 614 7456,servicioalcliente@pinturastitopabon.com,,,Pinturas
21206700,Productos y materias primas,Suspendida,"Bogota, D.C","(4.69102778, -74.13441667)",Magdalena Cauca,Alto Magdalena,Río Bogotá,FILMTEX SAS,Cra 73 62 D 81 SUR Bogotá,6017245757,,,,"Productos y materias primas relacionadas con envases, plastico, carton, papel aluminio"
21201230,Productos y materias primas,Activa,"Bogota, D.C","(4.701125, -74.07030556)",Magdalena Cauca,Alto Magdalena,Río Bogotá,PLASTICOMERCIAL SAS,Cll 38 SUR 72 P 46 SUR Bogota,6014032535,,,,Fabricación de formas básicas de plástico
21205730,Pinturas y herramientas menores,Suspendida,"Bogota, D.C","(4.69816667, -74.03683333)",Magdalena Cauca,Alto Magdalena,Río Bogotá,NOVACOLOR SAS,Carrera 69 R # 77 – 44 Bogotá - Las ferias,601 290 6990,contactenos@novacolor.com.co,,,Pigmentos para todo tipo de materias primas
21202100,Yesos entro otros,Suspendida,"Bogota, D.C","(4.7, -74.16666667)",Magdalena Cauca,Alto Magdalena,Río Bogotá,Eliana León - Elis Pottery,Transversal 26 #53c 37 - Detrás del Campin,3124341624,,elispottery.negocio.site,,Yesos y demás materiales. Enseñanza. Horno y realización de todos los procesos necesarios. 
21205520,Manufactura de calzado,Suspendida,"Bogota, D.C","(4.7, -74.15)",Magdalena Cauca,Alto Magdalena,Río Bogotá,Hernán Jiménez,Carrera 29C # 18-45 sur,315 6083179,,,,"Manufactura de calzado, el material lo llevaba cada grupo"
21206150,Cerámica y porcelana,Suspendida,"Bogota, D.C","(4.7, -74.05)",Magdalena Cauca,Alto Magdalena,Río Bogotá,Don Abelino Pulido,Cra 107 B #155-17 (ACCESO 108),310 2186919,,,,"Taller completo de cerámica y porcelana, desde enseñanza hasta los insumos necesarios"
21206130,Cerámica y esmaltado,Activa,"Bogota, D.C","(4.70558333, -74.15066667)",Magdalena Cauca,Alto Magdalena,Río Bogotá,Eli's pottery ,Tv. 26 #53c 37. Chapinero sur occidental,+57 312 4341624,,,Instagram: @elispottery,"Vaciado de barbotina, sinterizado y esmaltado de piezas cerámicas."
21205791,Insumos cerámica,Activa,"Bogota, D.C","(4.70558333, -74.15066667)",Magdalena Cauca,Alto Magdalena,Río Bogotá,José Darío ,Cachipai,+57 315 3491070,,,,En insumos materia prima para producir piezas de cerámicas
21190270,Fabricación cerámica,Activa,"Bogota, D.C","(4.03102778, -74.31116667)",Magdalena Cauca,Alto Magdalena,Río Sumapaz,Eliana León,"Tv. 26 #53c-37, galerías ",3124341624,elispottery@gmail.com,,Instagram: elispottery,Fabricación de piezas en cerámica 
21206680,Cerámica y esmaltado,Suspendida,"Bogota, D.C","(4.73411111, -74.03702778)",Magdalena Cauca,Alto Magdalena,Río Bogotá,Abelino Pulido,Suba,3102186919,,,,"Juego de 6 piezas de cerámica. Curso de Cerámica. Asesoría, uso de hornos y esmalte."
21206630,Fabricación cerámica,Suspendida,"Bogota, D.C","(4.75113889, -74.09158333)",Magdalena Cauca,Alto Magdalena,Río Bogotá,Abelino Pulido,Suba- Avenida Cali,3102186919,,,,"Todo el proceso de enseñanza para hacer unas piezas cerámicas
Desde la elaboración del modelo, molde, barbotina, horneado y acabados"
21206500,Piezas metálicas,Suspendida,"Bogota, D.C","(4.75663889, -74.06158333)",Magdalena Cauca,Alto Magdalena,Río Bogotá,Ingenieria estructural de Colombia,Cl. 7 #28 - 13 Ricaurte,3105780467,,,https://www.facebook.com/Ingestcol/,"Asesoramiento en el proceso y forma de una pieza metalica, se genero una prueba de como se haria un proceso manual por la forma que se selecciono y asesoranro para el cambio de forma y el proceso a desarrollar aunque no se hiciera con ellos"
21201300,Corte metal,Activa,"Bogota, D.C","(4.39425, -74.132)",Magdalena Cauca,Alto Magdalena,Río Bogotá,Metal cut CNC,Cra. 29 # 8 - 41,4813360,,,,Corte de laminas de acero inoxidable calibre 14 por cizalla
35027150,Publicidad e impresión,Activa,"Bogota, D.C","(4.13797222, -74.17380556)",Orinoco,Meta,Río Guayuriba,Target Digital ,"Cl. 9 #27-70, Ricaurte",316 4946408,targetcreativo@gmail.com,,,Impresion en baner 2 pendones de 50cm x 100cm
21206050,Herramientas eléctricas y tornillería,Suspendida,"Bogota, D.C","(4.78333333, -74.05)",Magdalena Cauca,Alto Magdalena,Río Bogotá,MECANELECTRO ,Av.Caracas (Cra 20b) No. 76 – 54 Bogotá / Calle 13 No. 22 – 96 Bogotá / (Cra 45) No. 127b - 85 Bogotá,321 473 6780-313 466 8386 - 310 217 3776,almacen.paloquemao@mecanelectro.com.co,,,Herramientas eléctricas
21201570,Herramientas eléctricas y tornillería,Suspendida,"Bogota, D.C","(4.78333333, -74.05)",Magdalena Cauca,Alto Magdalena,Río Bogotá,Ferretería Castaño,"Cra 25 #13-13, BOGOTÁ",6013750595,,,,Herramientas eléctricas y tornillería
21206670,Herramientas eléctricas y tornillería,Suspendida,"Bogota, D.C","(4.79205556, -74.04958333)",Magdalena Cauca,Alto Magdalena,Río Bogotá,TORCOL,"Av 1 de Mayo # 69 c 26, Bogotá",3229417829,,,,Herramientas y Tornillería
21205013,Pinturas y herramientas menores,Suspendida,"Bogota, D.C","(4.79444444, -74.03055556)",Magdalena Cauca,Alto Magdalena,Río Bogotá,M&D Pinturas,Principal - Av. calle 72#82-73 / Las ferias - Av. Calle 72 # 68f - 10 / Prado veraniego - Calle 129 # 52 - 63 / Suba - Calle 139 # 101 - 06 / Usaquen - Carrera 7 # 120A - 28,3218365778,,,,Pinturas y herramientas menores
21206260,Pinturas y herramientas menores,Activa,"Bogota, D.C","(4.79863889, -74.04972222)",Magdalena Cauca,Alto Magdalena,Río Bogotá,El club de los colores,Calle 23 #20 - 39 - Bogota,3128183 - 6965729 - 2682424 - 3379249,info@elclubdeloscolores.com,,,Pinturas
35020310,Pinturas y herramientas menores,Activa,"Bogota, D.C","(4.17225, -74.146)",Orinoco,Meta,Río Guayuriba,Pinturas Tito Pabon,Carrera 27 # 78 44 Barrio Santa Sofía,Tel. 660 66 31 Celular: 310 276 8579 WhatsApp: 350 614 7456,servicioalcliente@pinturastitopabon.com,,,Pinturas
35025070,Productos y materias primas,Activa,"Bogota, D.C","(4.19666667, -74.19094444)",Orinoco,Meta,Río Guayuriba,FILMTEX SAS,Cra 73 62 D 81 SUR Bogotá,6017245757,,,,"Productos y materias primas relacionadas con envases, plastico, carton, papel aluminio"
35020350,Productos y materias primas,Activa,"Bogota, D.C","(4.21888889, -74.14686111)",Orinoco,Meta,Río Guayuriba,PLASTICOMERCIAL SAS,Cll 38 SUR 72 P 46 SUR Bogota,6014032535,,,,Fabricación de formas básicas de plástico
21206690,Pinturas y herramientas menores,Activa,"Bogota, D.C","(4.81316667, -74.03111111)",Magdalena Cauca,Alto Magdalena,Río Bogotá,NOVACOLOR SAS,Carrera 69 R # 77 – 44 Bogotá - Las ferias,601 290 6990,contactenos@novacolor.com.co,,,Pigmentos para todo tipo de materias primas
21201240,Yesos entro otros,Activa,"Bogota, D.C","(4.48130556, -74.12627778)",Magdalena Cauca,Alto Magdalena,Río Bogotá,Eliana León - Elis Pottery,Transversal 26 #53c 37 - Detrás del Campin,3124341624,,elispottery.negocio.site,,Yesos y demás materiales. Enseñanza. Horno y realización de todos los procesos necesarios. 
21206170,Manufactura de calzado,Suspendida,"Bogota, D.C","(4.6, -74.2)",Magdalena Cauca,Alto Magdalena,Río Bogotá,Hernán Jiménez,Carrera 29C # 18-45 sur,315 6083179,,,,"Manufactura de calzado, el material lo llevaba cada grupo"
21205830,Cerámica y porcelana,Suspendida,"Bogota, D.C","(4.6, -74.13333333)",Magdalena Cauca,Alto Magdalena,Río Bogotá,Don Abelino Pulido,Cra 107 B #155-17 (ACCESO 108),310 2186919,,,,"Taller completo de cerámica y porcelana, desde enseñanza hasta los insumos necesarios"
21206510,Cerámica y esmaltado,Suspendida,"Bogota, D.C","(4.6, -74.08333333)",Magdalena Cauca,Alto Magdalena,Río Bogotá,Eli's pottery ,Tv. 26 #53c 37. Chapinero sur occidental,+57 312 4341624,,,Instagram: @elispottery,"Vaciado de barbotina, sinterizado y esmaltado de piezas cerámicas."
21201580,Insumos cerámica,Activa,"Bogota, D.C","(4.4465, -74.15483333)",Magdalena Cauca,Alto Magdalena,Río Bogotá,José Darío ,Cachipai,+57 315 3491070,,,,En insumos materia prima para producir piezas de cerámicas
21201600,Fabricación cerámica,Suspendida,"Bogota, D.C","(4.60711111, -74.07288889)",Magdalena Cauca,Alto Magdalena,Río Bogotá,Eliana León,"Tv. 26 #53c-37, galerías ",3124341624,elispottery@gmail.com,,Instagram: elispottery,Fabricación de piezas en cerámica 
21205528,Cerámica y esmaltado,Activa,"Bogota, D.C","(4.62958333, -74.09019722)",Magdalena Cauca,Alto Magdalena,Río Bogotá,Abelino Pulido,Suba,3102186919,,,,"Juego de 6 piezas de cerámica. Curso de Cerámica. Asesoría, uso de hornos y esmalte."
21205810,Fabricación cerámica,Suspendida,"Bogota, D.C","(4.6, -74.08333333)",Magdalena Cauca,Alto Magdalena,Río Bogotá,Abelino Pulido,Suba- Avenida Cali,3102186919,,,,"Todo el proceso de enseñanza para hacer unas piezas cerámicas
Desde la elaboración del modelo, molde, barbotina, horneado y acabados"
21206240,Piezas metálicas,Suspendida,"Bogota, D.C","(4.6, -74.06666667)",Magdalena Cauca,Alto Magdalena,Río Bogotá,Ingenieria estructural de Colombia,Cl. 7 #28 - 13 Ricaurte,3105780467,,,https://www.facebook.com/Ingestcol/,"Asesoramiento en el proceso y forma de una pieza metalica, se genero una prueba de como se haria un proceso manual por la forma que se selecciono y asesoranro para el cambio de forma y el proceso a desarrollar aunque no se hiciera con ellos"
21205820,Corte metal,Suspendida,"Bogota, D.C","(4.61666667, -74.1)",Magdalena Cauca,Alto Magdalena,Río Bogotá,Metal cut CNC,Cra. 29 # 8 - 41,4813360,,,,Corte de laminas de acero inoxidable calibre 14 por cizalla
21205600,Publicidad e impresión,Suspendida,"Bogota, D.C","(4.61666667, -74.06666667)",Magdalena Cauca,Alto Magdalena,Río Bogotá,Target Digital ,"Cl. 9 #27-70, Ricaurte",316 4946408,targetcreativo@gmail.com,,,Impresion en baner 2 pendones de 50cm x 100cm
21205230,Herramientas eléctricas y tornillería,Suspendida,"Bogota, D.C","(4.63333333, -74.1)",Magdalena Cauca,Alto Magdalena,Río Bogotá,MECANELECTRO ,Av.Caracas (Cra 20b) No. 76 – 54 Bogotá / Calle 13 No. 22 – 96 Bogotá / (Cra 45) No. 127b - 85 Bogotá,321 473 6780-313 466 8386 - 310 217 3776,almacen.paloquemao@mecanelectro.com.co,,,Herramientas eléctricas
21206620,Herramientas eléctricas y tornillería,Suspendida,"Bogota, D.C","(4.63461111, -74.17375)",Magdalena Cauca,Alto Magdalena,Río Bogotá,Ferretería Castaño,"Cra 25 #13-13, BOGOTÁ",6013750595,,,,Herramientas eléctricas y tornillería
21205860,Herramientas eléctricas y tornillería,Suspendida,"Bogota, D.C","(4.65, -74.2)",Magdalena Cauca,Alto Magdalena,Río Bogotá,TORCOL,"Av 1 de Mayo # 69 c 26, Bogotá",3229417829,,,,Herramientas y Tornillería
21205800,Pinturas y herramientas menores,Suspendida,"Bogota, D.C","(4.65, -74.06666667)",Magdalena Cauca,Alto Magdalena,Río Bogotá,M&D Pinturas,Principal - Av. calle 72#82-73 / Las ferias - Av. Calle 72 # 68f - 10 / Prado veraniego - Calle 129 # 52 - 63 / Suba - Calle 139 # 101 - 06 / Usaquen - Carrera 7 # 120A - 28,3218365778,,,,Pinturas y herramientas menores
21206660,Pinturas y herramientas menores,Suspendida,"Bogota, D.C","(4.57622222, -74.13091667)",Magdalena Cauca,Alto Magdalena,Río Bogotá,El club de los colores,Calle 23 #20 - 39 - Bogota,3128183 - 6965729 - 2682424 - 3379249,info@elclubdeloscolores.com,,,Pinturas
21206610,Pinturas y herramientas menores,Suspendida,"Bogota, D.C","(4.58333333, -74.06666667)",Magdalena Cauca,Alto Magdalena,Río Bogotá,Pinturas Tito Pabon,Carrera 27 # 78 44 Barrio Santa Sofía,Tel. 660 66 31 Celular: 310 276 8579 WhatsApp: 350 614 7456,servicioalcliente@pinturastitopabon.com,,,Pinturas
21206640,Productos y materias primas,Suspendida,"Bogota, D.C","(4.50155556, -74.11930556)",Magdalena Cauca,Alto Magdalena,Río Bogotá,FILMTEX SAS,Cra 73 62 D 81 SUR Bogotá,6017245757,,,,"Productos y materias primas relacionadas con envases, plastico, carton, papel aluminio"
21205840,Productos y materias primas,Suspendida,"Bogota, D.C","(4.59536111, -74.11183333)",Magdalena Cauca,Alto Magdalena,Río Bogotá,PLASTICOMERCIAL SAS,Cll 38 SUR 72 P 46 SUR Bogota,6014032535,,,,Fabricación de formas básicas de plástico
21206970,Pinturas y herramientas menores,Suspendida,"Bogota, D.C","(4.595, -74.07036111)",Magdalena Cauca,Alto Magdalena,Río Bogotá,NOVACOLOR SAS,Carrera 69 R # 77 – 44 Bogotá - Las ferias,601 290 6990,contactenos@novacolor.com.co,,,Pigmentos para todo tipo de materias primas
21205580,Yesos entro otros,Activa,"Bogota, D.C","(4.59836111, -74.06155556)",Magdalena Cauca,Alto Magdalena,Río Bogotá,Eliana León - Elis Pottery,Transversal 26 #53c 37 - Detrás del Campin,3124341624,,elispottery.negocio.site,,Yesos y demás materiales. Enseñanza. Horno y realización de todos los procesos necesarios. 
21201200,Manufactura de calzado,Activa,"Bogota, D.C","(4.34294444, -74.18388889)",Magdalena Cauca,Alto Magdalena,Río Bogotá,Hernán Jiménez,Carrera 29C # 18-45 sur,315 6083179,,,,"Manufactura de calzado, el material lo llevaba cada grupo"
21206650,Cerámica y porcelana,Activa,"Bogota, D.C","(4.51675278, -74.08822222)",Magdalena Cauca,Alto Magdalena,Río Bogotá,Don Abelino Pulido,Cra 107 B #155-17 (ACCESO 108),310 2186919,,,,"Taller completo de cerámica y porcelana, desde enseñanza hasta los insumos necesarios"
21205760,Cerámica y esmaltado,Suspendida,"Bogota, D.C","(4.6, -74.08333333)",Magdalena Cauca,Alto Magdalena,Río Bogotá,Eli's pottery ,Tv. 26 #53c 37. Chapinero sur occidental,+57 312 4341624,,,Instagram: @elispottery,"Vaciado de barbotina, sinterizado y esmaltado de piezas cerámicas."
21206040,Insumos cerámica,Suspendida,"Bogota, D.C","(4.64677778, -74.09636111)",Magdalena Cauca,Alto Magdalena,Río Bogotá,José Darío ,Cachipai,+57 315 3491070,,,,En insumos materia prima para producir piezas de cerámicas
21209080,Fabricación cerámica,Activa,"Bogota, D.C","(4.68333333, -74.06666667)",Magdalena Cauca,Alto Magdalena,Río Bogotá,Eliana León,"Tv. 26 #53c-37, galerías ",3124341624,elispottery@gmail.com,,Instagram: elispottery,Fabricación de piezas en cerámica 
21209420,Cerámica y esmaltado,Activa,"Bogota, D.C","(4.68333333, -74.08333333)",Magdalena Cauca,Alto Magdalena,Río Bogotá,Abelino Pulido,Suba,3102186919,,,,"Juego de 6 piezas de cerámica. Curso de Cerámica. Asesoría, uso de hornos y esmalte."
21209520,Fabricación cerámica,Activa,"Bogota, D.C","(4.31666667, -74.2)",Magdalena Cauca,Alto Magdalena,Río Bogotá,Abelino Pulido,Suba- Avenida Cali,3102186919,,,,"Todo el proceso de enseñanza para hacer unas piezas cerámicas
Desde la elaboración del modelo, molde, barbotina, horneado y acabados"
21200190,Piezas metálicas,Activa,"Bogota, D.C","(4.33333333, -74.13333333)",Magdalena Cauca,Alto Magdalena,Río Bogotá,Ingenieria estructural de Colombia,Cl. 7 #28 - 13 Ricaurte,3105780467,,,https://www.facebook.com/Ingestcol/,"Asesoramiento en el proceso y forma de una pieza metalica, se genero una prueba de como se haria un proceso manual por la forma que se selecciono y asesoranro para el cambio de forma y el proceso a desarrollar aunque no se hiciera con ellos"
21200650,Corte metal,Activa,"Bogota, D.C","(4.7, -74.03333333)",Magdalena Cauca,Alto Magdalena,Río Bogotá,Metal cut CNC,Cra. 29 # 8 - 41,4813360,,,,Corte de laminas de acero inoxidable calibre 14 por cizalla
21205360,Publicidad e impresión,Activa,"Bogota, D.C","(4.35, -74.13333333)",Magdalena Cauca,Alto Magdalena,Río Bogotá,Target Digital ,"Cl. 9 #27-70, Ricaurte",316 4946408,targetcreativo@gmail.com,,,Impresion en baner 2 pendones de 50cm x 100cm
21207460,Herramientas eléctricas y tornillería,Activa,"Bogota, D.C","(4.36666667, -74.16666667)",Magdalena Cauca,Alto Magdalena,Río Bogotá,MECANELECTRO ,Av.Caracas (Cra 20b) No. 76 – 54 Bogotá / Calle 13 No. 22 – 96 Bogotá / (Cra 45) No. 127b - 85 Bogotá,321 473 6780-313 466 8386 - 310 217 3776,almacen.paloquemao@mecanelectro.com.co,,,Herramientas eléctricas
21207470,Herramientas eléctricas y tornillería,Activa,"Bogota, D.C","(4.36666667, -74.16666667)",Magdalena Cauca,Alto Magdalena,Río Bogotá,Ferretería Castaño,"Cra 25 #13-13, BOGOTÁ",6013750595,,,,Herramientas eléctricas y tornillería
21200200,Herramientas eléctricas y tornillería,Activa,"Bogota, D.C","(4.38333333, -74.18333333)",Magdalena Cauca,Alto Magdalena,Río Bogotá,TORCOL,"Av 1 de Mayo # 69 c 26, Bogotá",3229417829,,,,Herramientas y Tornillería
21207110,Pinturas y herramientas menores,Activa,"Bogota, D.C","(4.38333333, -74.13333333)",Magdalena Cauca,Alto Magdalena,Río Bogotá,M&D Pinturas,Principal - Av. calle 72#82-73 / Las ferias - Av. Calle 72 # 68f - 10 / Prado veraniego - Calle 129 # 52 - 63 / Suba - Calle 139 # 101 - 06 / Usaquen - Carrera 7 # 120A - 28,3218365778,,,,Pinturas y herramientas menores
21207250,Pinturas y herramientas menores,Activa,"Bogota, D.C","(4.38333333, -74.13333333)",Magdalena Cauca,Alto Magdalena,Río Bogotá,El club de los colores,Calle 23 #20 - 39 - Bogota,3128183 - 6965729 - 2682424 - 3379249,info@elclubdeloscolores.com,,,Pinturas
21207590,Pinturas y herramientas menores,Activa,"Bogota, D.C","(4.38333333, -74.16666667)",Magdalena Cauca,Alto Magdalena,Río Bogotá,Pinturas Tito Pabon,Carrera 27 # 78 44 Barrio Santa Sofía,Tel. 660 66 31 Celular: 310 276 8579 WhatsApp: 350 614 7456,servicioalcliente@pinturastitopabon.com,,,Pinturas
21208590,Productos y materias primas,Activa,"Bogota, D.C","(4.38333333, -74.16666667)",Magdalena Cauca,Alto Magdalena,Río Bogotá,FILMTEX SAS,Cra 73 62 D 81 SUR Bogotá,6017245757,,,,"Productos y materias primas relacionadas con envases, plastico, carton, papel aluminio"
21209540,Productos y materias primas,Activa,"Bogota, D.C","(4.38333333, -74.16666667)",Magdalena Cauca,Alto Magdalena,Río Bogotá,PLASTICOMERCIAL SAS,Cll 38 SUR 72 P 46 SUR Bogota,6014032535,,,,Fabricación de formas básicas de plástico
21200340,Pinturas y herramientas menores,Activa,"Bogota, D.C","(4.4, -74.15)",Magdalena Cauca,Alto Magdalena,Río Bogotá,NOVACOLOR SAS,Carrera 69 R # 77 – 44 Bogotá - Las ferias,601 290 6990,contactenos@novacolor.com.co,,,Pigmentos para todo tipo de materias primas
21205090,Yesos entro otros,Activa,"Bogota, D.C","(4.4, -74.15)",Magdalena Cauca,Alto Magdalena,Río Bogotá,Eliana León - Elis Pottery,Transversal 26 #53c 37 - Detrás del Campin,3124341624,,elispottery.negocio.site,,Yesos y demás materiales. Enseñanza. Horno y realización de todos los procesos necesarios. 
21207060,Manufactura de calzado,Activa,"Bogota, D.C","(4.4, -74.15)",Magdalena Cauca,Alto Magdalena,Río Bogotá,Hernán Jiménez,Carrera 29C # 18-45 sur,315 6083179,,,,"Manufactura de calzado, el material lo llevaba cada grupo"
21207070,Cerámica y porcelana,Activa,"Bogota, D.C","(4.4, -74.15)",Magdalena Cauca,Alto Magdalena,Río Bogotá,Don Abelino Pulido,Cra 107 B #155-17 (ACCESO 108),310 2186919,,,,"Taller completo de cerámica y porcelana, desde enseñanza hasta los insumos necesarios"
21207170,Cerámica y esmaltado,Activa,"Bogota, D.C","(4.4, -74.15)",Magdalena Cauca,Alto Magdalena,Río Bogotá,Eli's pottery ,Tv. 26 #53c 37. Chapinero sur occidental,+57 312 4341624,,,Instagram: @elispottery,"Vaciado de barbotina, sinterizado y esmaltado de piezas cerámicas."
21207180,Insumos cerámica,Activa,"Bogota, D.C","(4.4, -74.15)",Magdalena Cauca,Alto Magdalena,Río Bogotá,José Darío ,Cachipai,+57 315 3491070,,,,En insumos materia prima para producir piezas de cerámicas
21208380,Fabricación cerámica,Suspendida,"Bogota, D.C","(4.7, -74.16666667)",Magdalena Cauca,Alto Magdalena,Río Bogotá,Eliana León,"Tv. 26 #53c-37, galerías ",3124341624,elispottery@gmail.com,,Instagram: elispottery,Fabricación de piezas en cerámica 
21208390,Cerámica y esmaltado,Suspendida,"Bogota, D.C","(4.7, -74.18333333)",Magdalena Cauca,Alto Magdalena,Río Bogotá,Abelino Pulido,Suba,3102186919,,,,"Juego de 6 piezas de cerámica. Curso de Cerámica. Asesoría, uso de hornos y esmalte."
21209070,Fabricación cerámica,Activa,"Bogota, D.C","(4.7, -74.05)",Magdalena Cauca,Alto Magdalena,Río Bogotá,Abelino Pulido,Suba- Avenida Cali,3102186919,,,,"Todo el proceso de enseñanza para hacer unas piezas cerámicas
Desde la elaboración del modelo, molde, barbotina, horneado y acabados"
21208040,Piezas metálicas,Activa,"Bogota, D.C","(4.71666667, -74.11666667)",Magdalena Cauca,Alto Magdalena,Río Bogotá,Ingenieria estructural de Colombia,Cl. 7 #28 - 13 Ricaurte,3105780467,,,https://www.facebook.com/Ingestcol/,"Asesoramiento en el proceso y forma de una pieza metalica, se genero una prueba de como se haria un proceso manual por la forma que se selecciono y asesoranro para el cambio de forma y el proceso a desarrollar aunque no se hiciera con ellos"
21200300,Corte metal,Suspendida,"Bogota, D.C","(4.73333333, -74.08333333)",Magdalena Cauca,Alto Magdalena,Río Bogotá,Metal cut CNC,Cra. 29 # 8 - 41,4813360,,,,Corte de laminas de acero inoxidable calibre 14 por cizalla
21200670,Publicidad e impresión,Suspendida,"Bogota, D.C","(4.73333333, -74.13333333)",Magdalena Cauca,Alto Magdalena,Río Bogotá,Target Digital ,"Cl. 9 #27-70, Ricaurte",316 4946408,targetcreativo@gmail.com,,,Impresion en baner 2 pendones de 50cm x 100cm
21205560,Herramientas eléctricas y tornillería,Suspendida,"Bogota, D.C","(4.73333333, -74.08333333)",Magdalena Cauca,Alto Magdalena,Río Bogotá,MECANELECTRO ,Av.Caracas (Cra 20b) No. 76 – 54 Bogotá / Calle 13 No. 22 – 96 Bogotá / (Cra 45) No. 127b - 85 Bogotá,321 473 6780-313 466 8386 - 310 217 3776,almacen.paloquemao@mecanelectro.com.co,,,Herramientas eléctricas
21208190,Herramientas eléctricas y tornillería,Suspendida,"Bogota, D.C","(4.73333333, -74.13333333)",Magdalena Cauca,Alto Magdalena,Río Bogotá,Ferretería Castaño,"Cra 25 #13-13, BOGOTÁ",6013750595,,,,Herramientas eléctricas y tornillería
21202060,Herramientas eléctricas y tornillería,Activa,"Bogota, D.C","(4.43333333, -74.13333333)",Magdalena Cauca,Alto Magdalena,Río Bogotá,TORCOL,"Av 1 de Mayo # 69 c 26, Bogotá",3229417829,,,,Herramientas y Tornillería
21200310,Pinturas y herramientas menores,Activa,"Bogota, D.C","(4.75, -74.06666667)",Magdalena Cauca,Alto Magdalena,Río Bogotá,M&D Pinturas,Principal - Av. calle 72#82-73 / Las ferias - Av. Calle 72 # 68f - 10 / Prado veraniego - Calle 129 # 52 - 63 / Suba - Calle 139 # 101 - 06 / Usaquen - Carrera 7 # 120A - 28,3218365778,,,,Pinturas y herramientas menores
21202020,Pinturas y herramientas menores,Activa,"Bogota, D.C","(4.76666667, -74.01666667)",Magdalena Cauca,Alto Magdalena,Río Bogotá,El club de los colores,Calle 23 #20 - 39 - Bogota,3128183 - 6965729 - 2682424 - 3379249,info@elclubdeloscolores.com,,,Pinturas
21202080,Pinturas y herramientas menores,Activa,"Bogota, D.C","(4.76666667, -74.06666667)",Magdalena Cauca,Alto Magdalena,Río Bogotá,Pinturas Tito Pabon,Carrera 27 # 78 44 Barrio Santa Sofía,Tel. 660 66 31 Celular: 310 276 8579 WhatsApp: 350 614 7456,servicioalcliente@pinturastitopabon.com,,,Pinturas
35020440,Productos y materias primas,Activa,"Bogota, D.C","(4.76666667, -74.21666667)",Magdalena Cauca,Alto Magdalena,Río Bogotá,FILMTEX SAS,Cra 73 62 D 81 SUR Bogotá,6017245757,,,,"Productos y materias primas relacionadas con envases, plastico, carton, papel aluminio"
35067070,Productos y materias primas,Activa,"Bogota, D.C","(4.76666667, -73.71666667)",Orinoco,Meta,Río Guavio,PLASTICOMERCIAL SAS,Cll 38 SUR 72 P 46 SUR Bogota,6014032535,,,,Fabricación de formas básicas de plástico
21209450,Pinturas y herramientas menores,Activa,"Bogota, D.C","(4.48333333, -74.06666667)",Orinoco,Meta,Río Guayuriba,NOVACOLOR SAS,Carrera 69 R # 77 – 44 Bogotá - Las ferias,601 290 6990,contactenos@novacolor.com.co,,,Pigmentos para todo tipo de materias primas
21207500,Yesos entro otros,Activa,"Bogota, D.C","(4.5, -74.11666667)",Magdalena Cauca,Alto Magdalena,Río Bogotá,Eliana León - Elis Pottery,Transversal 26 #53c 37 - Detrás del Campin,3124341624,,elispottery.negocio.site,,Yesos y demás materiales. Enseñanza. Horno y realización de todos los procesos necesarios. 
21208580,Manufactura de calzado,Activa,"Bogota, D.C","(4.5, -74.13333333)",Magdalena Cauca,Alto Magdalena,Río Bogotá,Hernán Jiménez,Carrera 29C # 18-45 sur,315 6083179,,,,"Manufactura de calzado, el material lo llevaba cada grupo"
21209570,Cerámica y porcelana,Activa,"Bogota, D.C","(4.5, -74.06666667)",Magdalena Cauca,Alto Magdalena,Río Bogotá,Don Abelino Pulido,Cra 107 B #155-17 (ACCESO 108),310 2186919,,,,"Taller completo de cerámica y porcelana, desde enseñanza hasta los insumos necesarios"
21202010,Cerámica y esmaltado,Activa,"Bogota, D.C","(4.51666667, -74.05)",Magdalena Cauca,Alto Magdalena,Río Bogotá,Eli's pottery ,Tv. 26 #53c 37. Chapinero sur occidental,+57 312 4341624,,,Instagram: @elispottery,"Vaciado de barbotina, sinterizado y esmaltado de piezas cerámicas."
21202030,Insumos cerámica,Activa,"Bogota, D.C","(4.51666667, -74.21666667)",Magdalena Cauca,Alto Magdalena,Río Bogotá,José Darío ,Cachipai,+57 315 3491070,,,,En insumos materia prima para producir piezas de cerámicas
21205300,Fabricación cerámica,Activa,"Bogota, D.C","(4.51666667, -74.05)",Magdalena Cauca,Alto Magdalena,Río Bogotá,Eliana León,"Tv. 26 #53c-37, galerías ",3124341624,elispottery@gmail.com,,Instagram: elispottery,Fabricación de piezas en cerámica 
21202050,Cerámica y esmaltado,Activa,"Bogota, D.C","(4.53333333, -74.16666667)",Magdalena Cauca,Alto Magdalena,Río Bogotá,Abelino Pulido,Suba,3102186919,,,,"Juego de 6 piezas de cerámica. Curso de Cerámica. Asesoría, uso de hornos y esmalte."
21207240,Fabricación cerámica,Suspendida,"Bogota, D.C","(4.53333333, -74.11666667)",Magdalena Cauca,Alto Magdalena,Río Bogotá,Abelino Pulido,Suba- Avenida Cali,3102186919,,,,"Todo el proceso de enseñanza para hacer unas piezas cerámicas
Desde la elaboración del modelo, molde, barbotina, horneado y acabados"
21190140,Piezas metálicas,Activa,"Bogota, D.C","(3.96666667, -74.28333333)",Magdalena Cauca,Alto Magdalena,Río Sumapaz,Ingenieria estructural de Colombia,Cl. 7 #28 - 13 Ricaurte,3105780467,,,https://www.facebook.com/Ingestcol/,"Asesoramiento en el proceso y forma de una pieza metalica, se genero una prueba de como se haria un proceso manual por la forma que se selecciono y asesoranro para el cambio de forma y el proceso a desarrollar aunque no se hiciera con ellos"
21197070,Corte metal,Suspendida,"Bogota, D.C","(3.96666667, -74.38333333)",Magdalena Cauca,Alto Magdalena,Río Sumapaz,Metal cut CNC,Cra. 29 # 8 - 41,4813360,,,,Corte de laminas de acero inoxidable calibre 14 por cizalla
32060010,Publicidad e impresión,Suspendida,"Bogota, D.C","(3.96666667, -74.16666667)",Orinoco,Guaviare,Río Ariari,Target Digital ,"Cl. 9 #27-70, Ricaurte",316 4946408,targetcreativo@gmail.com,,,Impresion en baner 2 pendones de 50cm x 100cm
21200130,Herramientas eléctricas y tornillería,Activa,"Bogota, D.C","(4.55, -74.05)",Magdalena Cauca,Alto Magdalena,Río Bogotá,MECANELECTRO ,Av.Caracas (Cra 20b) No. 76 – 54 Bogotá / Calle 13 No. 22 – 96 Bogotá / (Cra 45) No. 127b - 85 Bogotá,321 473 6780-313 466 8386 - 310 217 3776,almacen.paloquemao@mecanelectro.com.co,,,Herramientas eléctricas
21200450,Herramientas eléctricas y tornillería,Suspendida,"Bogota, D.C","(4.55, -74.08333333)",Magdalena Cauca,Alto Magdalena,Río Bogotá,Ferretería Castaño,"Cra 25 #13-13, BOGOTÁ",6013750595,,,,Herramientas eléctricas y tornillería
21207050,Herramientas eléctricas y tornillería,Activa,"Bogota, D.C","(4.55, -74.06666667)",Magdalena Cauca,Alto Magdalena,Río Bogotá,TORCOL,"Av 1 de Mayo # 69 c 26, Bogotá",3229417829,,,,Herramientas y Tornillería
21190130,Pinturas y herramientas menores,Activa,"Bogota, D.C","(4.01666667, -74.26666667)",Magdalena Cauca,Alto Magdalena,Río Sumapaz,M&D Pinturas,Principal - Av. calle 72#82-73 / Las ferias - Av. Calle 72 # 68f - 10 / Prado veraniego - Calle 129 # 52 - 63 / Suba - Calle 139 # 101 - 06 / Usaquen - Carrera 7 # 120A - 28,3218365778,,,,Pinturas y herramientas menores
35020410,Pinturas y herramientas menores,Activa,"Bogota, D.C","(4.01666667, -74.13333333)",Orinoco,Meta,Río Guayuriba,El club de los colores,Calle 23 #20 - 39 - Bogota,3128183 - 6965729 - 2682424 - 3379249,info@elclubdeloscolores.com,,,Pinturas
35020450,Pinturas y herramientas menores,Activa,"Bogota, D.C","(4.01666667, -74.21666667)",Orinoco,Meta,Río Guayuriba,Pinturas Tito Pabon,Carrera 27 # 78 44 Barrio Santa Sofía,Tel. 660 66 31 Celular: 310 276 8579 WhatsApp: 350 614 7456,servicioalcliente@pinturastitopabon.com,,,Pinturas
21209560,Productos y materias primas,Activa,"Bogota, D.C","(4.55, -74.11666667)",Magdalena Cauca,Alto Magdalena,Río Bogotá,FILMTEX SAS,Cra 73 62 D 81 SUR Bogotá,6017245757,,,,"Productos y materias primas relacionadas con envases, plastico, carton, papel aluminio"
21200520,Productos y materias primas,Activa,"Bogota, D.C","(4.56666667, -74.11666667)",Magdalena Cauca,Alto Magdalena,Río Bogotá,PLASTICOMERCIAL SAS,Cll 38 SUR 72 P 46 SUR Bogota,6014032535,,,,Fabricación de formas básicas de plástico
21200590,Pinturas y herramientas menores,Activa,"Bogota, D.C","(4.56666667, -74.15)",Magdalena Cauca,Alto Magdalena,Río Bogotá,NOVACOLOR SAS,Carrera 69 R # 77 – 44 Bogotá - Las ferias,601 290 6990,contactenos@novacolor.com.co,,,Pigmentos para todo tipo de materias primas
21201970,Yesos entro otros,Activa,"Bogota, D.C","(4.56666667, -74.16666667)",Magdalena Cauca,Alto Magdalena,Río Bogotá,Eliana León - Elis Pottery,Transversal 26 #53c 37 - Detrás del Campin,3124341624,,elispottery.negocio.site,,Yesos y demás materiales. Enseñanza. Horno y realización de todos los procesos necesarios. 
21205240,Manufactura de calzado,Activa,"Bogota, D.C","(4.56666667, -74.06666667)",Magdalena Cauca,Alto Magdalena,Río Bogotá,Hernán Jiménez,Carrera 29C # 18-45 sur,315 6083179,,,,"Manufactura de calzado, el material lo llevaba cada grupo"
21207030,Cerámica y porcelana,Activa,"Bogota, D.C","(4.56666667, -74.06666667)",Magdalena Cauca,Alto Magdalena,Río Bogotá,Don Abelino Pulido,Cra 107 B #155-17 (ACCESO 108),310 2186919,,,,"Taller completo de cerámica y porcelana, desde enseñanza hasta los insumos necesarios"
21208360,Cerámica y esmaltado,Activa,"Bogota, D.C","(4.56666667, -74.15)",Magdalena Cauca,Alto Magdalena,Río Bogotá,Eli's pottery ,Tv. 26 #53c 37. Chapinero sur occidental,+57 312 4341624,,,Instagram: @elispottery,"Vaciado de barbotina, sinterizado y esmaltado de piezas cerámicas."
35020430,Insumos cerámica,Activa,"Bogota, D.C","(4.06666667, -74.13333333)",Orinoco,Meta,Río Guayuriba,José Darío ,Cachipai,+57 315 3491070,,,,En insumos materia prima para producir piezas de cerámicas
21190280,Fabricación cerámica,Activa,"Bogota, D.C","(4.1, -74.33333333)",Magdalena Cauca,Alto Magdalena,Río Sumapaz,Eliana León,"Tv. 26 #53c-37, galerías ",3124341624,elispottery@gmail.com,,Instagram: elispottery,Fabricación de piezas en cerámica 
21200080,Cerámica y esmaltado,Activa,"Bogota, D.C","(4.58333333, -74.03333333)",Magdalena Cauca,Alto Magdalena,Río Bogotá,Abelino Pulido,Suba,3102186919,,,,"Juego de 6 piezas de cerámica. Curso de Cerámica. Asesoría, uso de hornos y esmalte."
21200120,Fabricación cerámica,Activa,"Bogota, D.C","(4.58333333, -74.03333333)",Magdalena Cauca,Alto Magdalena,Río Bogotá,Abelino Pulido,Suba- Avenida Cali,3102186919,,,,"Todo el proceso de enseñanza para hacer unas piezas cerámicas
Desde la elaboración del modelo, molde, barbotina, horneado y acabados"
21200240,Piezas metálicas,Activa,"Bogota, D.C","(4.58333333, -74.01666667)",Magdalena Cauca,Alto Magdalena,Río Bogotá,Ingenieria estructural de Colombia,Cl. 7 #28 - 13 Ricaurte,3105780467,,,https://www.facebook.com/Ingestcol/,"Asesoramiento en el proceso y forma de una pieza metalica, se genero una prueba de como se haria un proceso manual por la forma que se selecciono y asesoranro para el cambio de forma y el proceso a desarrollar aunque no se hiciera con ellos"
21209040,Corte metal,Activa,"Bogota, D.C","(4.58333333, -74.15)",Magdalena Cauca,Alto Magdalena,Río Bogotá,Metal cut CNC,Cra. 29 # 8 - 41,4813360,,,,Corte de laminas de acero inoxidable calibre 14 por cizalla
21209050,Publicidad e impresión,Activa,"Bogota, D.C","(4.58333333, -74.15)",Magdalena Cauca,Alto Magdalena,Río Bogotá,Target Digital ,"Cl. 9 #27-70, Ricaurte",316 4946408,targetcreativo@gmail.com,,,Impresion en baner 2 pendones de 50cm x 100cm
21209110,Herramientas eléctricas y tornillería,Activa,"Bogota, D.C","(4.58333333, -74.1)",Magdalena Cauca,Alto Magdalena,Río Bogotá,MECANELECTRO ,Av.Caracas (Cra 20b) No. 76 – 54 Bogotá / Calle 13 No. 22 – 96 Bogotá / (Cra 45) No. 127b - 85 Bogotá,321 473 6780-313 466 8386 - 310 217 3776,almacen.paloquemao@mecanelectro.com.co,,,Herramientas eléctricas
21200480,Herramientas eléctricas y tornillería,Suspendida,"Bogota, D.C","(4.6, -74.06666667)",Magdalena Cauca,Alto Magdalena,Río Bogotá,Ferretería Castaño,"Cra 25 #13-13, BOGOTÁ",6013750595,,,,Herramientas eléctricas y tornillería
35027310,Herramientas eléctricas y tornillería,Activa,"Bogota, D.C","(4.1, -74.21666667)",Orinoco,Meta,Río Guayuriba,TORCOL,"Av 1 de Mayo # 69 c 26, Bogotá",3229417829,,,,Herramientas y Tornillería
35027050,Pinturas y herramientas menores,Activa,"Bogota, D.C","(4.13333333, -74.2)",Orinoco,Meta,Río Guayuriba,M&D Pinturas,Principal - Av. calle 72#82-73 / Las ferias - Av. Calle 72 # 68f - 10 / Prado veraniego - Calle 129 # 52 - 63 / Suba - Calle 139 # 101 - 06 / Usaquen - Carrera 7 # 120A - 28,3218365778,,,,Pinturas y herramientas menores
21195100,Pinturas y herramientas menores,Activa,"Bogota, D.C","(4.15, -74.2)",Orinoco,Meta,Río Guayuriba,El club de los colores,Calle 23 #20 - 39 - Bogota,3128183 - 6965729 - 2682424 - 3379249,info@elclubdeloscolores.com,,,Pinturas
35027090,Pinturas y herramientas menores,Suspendida,"Bogota, D.C","(4.15, -74.18333333)",Orinoco,Meta,Río Guayuriba,Pinturas Tito Pabon,Carrera 27 # 78 44 Barrio Santa Sofía,Tel. 660 66 31 Celular: 310 276 8579 WhatsApp: 350 614 7456,servicioalcliente@pinturastitopabon.com,,,Pinturas
21201350,Productos y materias primas,Activa,"Bogota, D.C","(4.16666667, -74.15)",Orinoco,Meta,Río Guayuriba,FILMTEX SAS,Cra 73 62 D 81 SUR Bogotá,6017245757,,,,"Productos y materias primas relacionadas con envases, plastico, carton, papel aluminio"
21200640,Productos y materias primas,Suspendida,"Bogota, D.C","(4.6, -74.06666667)",Magdalena Cauca,Alto Magdalena,Río Bogotá,PLASTICOMERCIAL SAS,Cll 38 SUR 72 P 46 SUR Bogota,6014032535,,,,Fabricación de formas básicas de plástico
21200810,Pinturas y herramientas menores,Suspendida,"Bogota, D.C","(4.6, -74.1)",Magdalena Cauca,Alto Magdalena,Río Bogotá,NOVACOLOR SAS,Carrera 69 R # 77 – 44 Bogotá - Las ferias,601 290 6990,contactenos@novacolor.com.co,,,Pigmentos para todo tipo de materias primas
21201540,Yesos entro otros,Suspendida,"Bogota, D.C","(4.6, -74.2)",Magdalena Cauca,Alto Magdalena,Río Bogotá,Eliana León - Elis Pottery,Transversal 26 #53c 37 - Detrás del Campin,3124341624,,elispottery.negocio.site,,Yesos y demás materiales. Enseñanza. Horno y realización de todos los procesos necesarios. 
21206530,Manufactura de calzado,Activa,"Bogota, D.C","(4.6, -74.2)",Magdalena Cauca,Alto Magdalena,Río Bogotá,Hernán Jiménez,Carrera 29C # 18-45 sur,315 6083179,,,,"Manufactura de calzado, el material lo llevaba cada grupo"
21207020,Cerámica y porcelana,Activa,"Bogota, D.C","(4.6, -74.05)",Magdalena Cauca,Alto Magdalena,Río Bogotá,Don Abelino Pulido,Cra 107 B #155-17 (ACCESO 108),310 2186919,,,,"Taller completo de cerámica y porcelana, desde enseñanza hasta los insumos necesarios"
21209060,Cerámica y esmaltado,Activa,"Bogota, D.C","(4.6, -74.16666667)",Magdalena Cauca,Alto Magdalena,Río Bogotá,Eli's pottery ,Tv. 26 #53c 37. Chapinero sur occidental,+57 312 4341624,,,Instagram: @elispottery,"Vaciado de barbotina, sinterizado y esmaltado de piezas cerámicas."
21200230,Insumos cerámica,Activa,"Bogota, D.C","(4.61666667, -74.06666667)",Magdalena Cauca,Alto Magdalena,Río Bogotá,José Darío ,Cachipai,+57 315 3491070,,,,En insumos materia prima para producir piezas de cerámicas
21200320,Fabricación cerámica,Activa,"Bogota, D.C","(4.61666667, -74.05)",Magdalena Cauca,Alto Magdalena,Río Bogotá,Eliana León,"Tv. 26 #53c-37, galerías ",3124341624,elispottery@gmail.com,,Instagram: elispottery,Fabricación de piezas en cerámica 
35020470,Cerámica y esmaltado,Activa,"Bogota, D.C","(4.16666667, -74.15)",Orinoco,Meta,Río Guayuriba,Abelino Pulido,Suba,3102186919,,,,"Juego de 6 piezas de cerámica. Curso de Cerámica. Asesoría, uso de hornos y esmalte."
35027010,Fabricación cerámica,Activa,"Bogota, D.C","(4.18333333, -74.18333333)",Orinoco,Meta,Río Guayuriba,Abelino Pulido,Suba- Avenida Cali,3102186919,,,,"Todo el proceso de enseñanza para hacer unas piezas cerámicas
Desde la elaboración del modelo, molde, barbotina, horneado y acabados"
35027040,Piezas metálicas,Activa,"Bogota, D.C","(4.18333333, -74.21666667)",Orinoco,Meta,Río Guayuriba,Ingenieria estructural de Colombia,Cl. 7 #28 - 13 Ricaurte,3105780467,,,https://www.facebook.com/Ingestcol/,"Asesoramiento en el proceso y forma de una pieza metalica, se genero una prueba de como se haria un proceso manual por la forma que se selecciono y asesoranro para el cambio de forma y el proceso a desarrollar aunque no se hiciera con ellos"
21205340,Corte metal,Activa,"Bogota, D.C","(4.61666667, -74.18333333)",Magdalena Cauca,Alto Magdalena,Río Bogotá,Metal cut CNC,Cra. 29 # 8 - 41,4813360,,,,Corte de laminas de acero inoxidable calibre 14 por cizalla
21205690,Publicidad e impresión,Activa,"Bogota, D.C","(4.61666667, -74.1)",Magdalena Cauca,Alto Magdalena,Río Bogotá,Target Digital ,"Cl. 9 #27-70, Ricaurte",316 4946408,targetcreativo@gmail.com,,,Impresion en baner 2 pendones de 50cm x 100cm
21209100,Herramientas eléctricas y tornillería,Activa,"Bogota, D.C","(4.61666667, -74.11666667)",Magdalena Cauca,Alto Magdalena,Río Bogotá,MECANELECTRO ,Av.Caracas (Cra 20b) No. 76 – 54 Bogotá / Calle 13 No. 22 – 96 Bogotá / (Cra 45) No. 127b - 85 Bogotá,321 473 6780-313 466 8386 - 310 217 3776,almacen.paloquemao@mecanelectro.com.co,,,Herramientas eléctricas
21209430,Herramientas eléctricas y tornillería,Activa,"Bogota, D.C","(4.61666667, -74.21666667)",Magdalena Cauca,Alto Magdalena,Río Bogotá,Ferretería Castaño,"Cra 25 #13-13, BOGOTÁ",6013750595,,,,Herramientas eléctricas y tornillería
21209440,Herramientas eléctricas y tornillería,Activa,"Bogota, D.C","(4.61666667, -74.61666667)",Magdalena Cauca,Alto Magdalena,Río Seco y otros Directos al Magdalena,TORCOL,"Av 1 de Mayo # 69 c 26, Bogotá",3229417829,,,,Herramientas y Tornillería
21209510,Pinturas y herramientas menores,Activa,"Bogota, D.C","(4.61666667, -74.08333333)",Magdalena Cauca,Alto Magdalena,Río Bogotá,M&D Pinturas,Principal - Av. calle 72#82-73 / Las ferias - Av. Calle 72 # 68f - 10 / Prado veraniego - Calle 129 # 52 - 63 / Suba - Calle 139 # 101 - 06 / Usaquen - Carrera 7 # 120A - 28,3218365778,,,,Pinturas y herramientas menores
21200400,Pinturas y herramientas menores,Activa,"Bogota, D.C","(4.63333333, -74.03333333)",Magdalena Cauca,Alto Magdalena,Río Bogotá,El club de los colores,Calle 23 #20 - 39 - Bogota,3128183 - 6965729 - 2682424 - 3379249,info@elclubdeloscolores.com,,,Pinturas
21202090,Pinturas y herramientas menores,Activa,"Bogota, D.C","(4.63333333, -74.21666667)",Magdalena Cauca,Alto Magdalena,Río Bogotá,Pinturas Tito Pabon,Carrera 27 # 78 44 Barrio Santa Sofía,Tel. 660 66 31 Celular: 310 276 8579 WhatsApp: 350 614 7456,servicioalcliente@pinturastitopabon.com,,,Pinturas
35027110,Productos y materias primas,Activa,"Bogota, D.C","(4.2, -74.13333333)",Orinoco,Meta,Río Guayuriba,FILMTEX SAS,Cra 73 62 D 81 SUR Bogotá,6017245757,,,,"Productos y materias primas relacionadas con envases, plastico, carton, papel aluminio"
35027230,Productos y materias primas,Activa,"Bogota, D.C","(4.2, -74.18333333)",Orinoco,Meta,Río Guayuriba,PLASTICOMERCIAL SAS,Cll 38 SUR 72 P 46 SUR Bogota,6014032535,,,,Fabricación de formas básicas de plástico
35020180,Pinturas y herramientas menores,Suspendida,"Bogota, D.C","(4.21666667, -74.21666667)",Orinoco,Meta,Río Guayuriba,NOVACOLOR SAS,Carrera 69 R # 77 – 44 Bogotá - Las ferias,601 290 6990,contactenos@novacolor.com.co,,,Pigmentos para todo tipo de materias primas
21205380,Yesos entro otros,Activa,"Bogota, D.C","(4.63333333, -74.13333333)",Magdalena Cauca,Alto Magdalena,Río Bogotá,Eliana León - Elis Pottery,Transversal 26 #53c 37 - Detrás del Campin,3124341624,,elispottery.negocio.site,,Yesos y demás materiales. Enseñanza. Horno y realización de todos los procesos necesarios. 
21207040,Manufactura de calzado,Suspendida,"Bogota, D.C","(4.63333333, -74.06666667)",Magdalena Cauca,Alto Magdalena,Río Bogotá,Hernán Jiménez,Carrera 29C # 18-45 sur,315 6083179,,,,"Manufactura de calzado, el material lo llevaba cada grupo"
21208020,Cerámica y porcelana,Activa,"Bogota, D.C","(4.63333333, -74.21666667)",Magdalena Cauca,Alto Magdalena,Río Bogotá,Don Abelino Pulido,Cra 107 B #155-17 (ACCESO 108),310 2186919,,,,"Taller completo de cerámica y porcelana, desde enseñanza hasta los insumos necesarios"
21208410,Cerámica y esmaltado,Suspendida,"Bogota, D.C","(4.63333333, -74.08333333)",Magdalena Cauca,Alto Magdalena,Río Bogotá,Eli's pottery ,Tv. 26 #53c 37. Chapinero sur occidental,+57 312 4341624,,,Instagram: @elispottery,"Vaciado de barbotina, sinterizado y esmaltado de piezas cerámicas."
21208480,Insumos cerámica,Activa,"Bogota, D.C","(4.63333333, -74.15)",Magdalena Cauca,Alto Magdalena,Río Bogotá,José Darío ,Cachipai,+57 315 3491070,,,,En insumos materia prima para producir piezas de cerámicas
21209490,Fabricación cerámica,Activa,"Bogota, D.C","(4.63333333, -74.03333333)",Magdalena Cauca,Alto Magdalena,Río Bogotá,Eliana León,"Tv. 26 #53c-37, galerías ",3124341624,elispottery@gmail.com,,Instagram: elispottery,Fabricación de piezas en cerámica 
21209500,Cerámica y esmaltado,Activa,"Bogota, D.C","(4.63333333, -74.05)",Magdalena Cauca,Alto Magdalena,Río Bogotá,Abelino Pulido,Suba,3102186919,,,,"Juego de 6 piezas de cerámica. Curso de Cerámica. Asesoría, uso de hornos y esmalte."
21200660,Fabricación cerámica,Activa,"Bogota, D.C","(4.65, -74.05)",Magdalena Cauca,Alto Magdalena,Río Bogotá,Abelino Pulido,Suba- Avenida Cali,3102186919,,,,"Todo el proceso de enseñanza para hacer unas piezas cerámicas
Desde la elaboración del modelo, molde, barbotina, horneado y acabados"
21209530,Piezas metálicas,Activa,"Bogota, D.C","(4.28333333, -74.2)",Orinoco,Meta,Río Guayuriba,Ingenieria estructural de Colombia,Cl. 7 #28 - 13 Ricaurte,3105780467,,,https://www.facebook.com/Ingestcol/,"Asesoramiento en el proceso y forma de una pieza metalica, se genero una prueba de como se haria un proceso manual por la forma que se selecciono y asesoranro para el cambio de forma y el proceso a desarrollar aunque no se hiciera con ellos"
21202070,Corte metal,Activa,"Bogota, D.C","(4.65, -74.15)",Magdalena Cauca,Alto Magdalena,Río Bogotá,Metal cut CNC,Cra. 29 # 8 - 41,4813360,,,,Corte de laminas de acero inoxidable calibre 14 por cizalla
21207100,Publicidad e impresión,Activa,"Bogota, D.C","(4.65, -74.05)",Magdalena Cauca,Alto Magdalena,Río Bogotá,Target Digital ,"Cl. 9 #27-70, Ricaurte",316 4946408,targetcreativo@gmail.com,,,Impresion en baner 2 pendones de 50cm x 100cm
21208310,Herramientas eléctricas y tornillería,Suspendida,"Bogota, D.C","(4.65, -74.15)",Magdalena Cauca,Alto Magdalena,Río Bogotá,MECANELECTRO ,Av.Caracas (Cra 20b) No. 76 – 54 Bogotá / Calle 13 No. 22 – 96 Bogotá / (Cra 45) No. 127b - 85 Bogotá,321 473 6780-313 466 8386 - 310 217 3776,almacen.paloquemao@mecanelectro.com.co,,,Herramientas eléctricas
21209470,Herramientas eléctricas y tornillería,Activa,"Bogota, D.C","(4.65, -74.05)",Magdalena Cauca,Alto Magdalena,Río Bogotá,Ferretería Castaño,"Cra 25 #13-13, BOGOTÁ",6013750595,,,,Herramientas eléctricas y tornillería
21200610,Herramientas eléctricas y tornillería,Activa,"Bogota, D.C","(4.66666667, -74.1)",Magdalena Cauca,Alto Magdalena,Río Bogotá,TORCOL,"Av 1 de Mayo # 69 c 26, Bogotá",3229417829,,,,Herramientas y Tornillería
21201960,Pinturas y herramientas menores,Activa,"Bogota, D.C","(4.66666667, -74.06666667)",Magdalena Cauca,Alto Magdalena,Río Bogotá,M&D Pinturas,Principal - Av. calle 72#82-73 / Las ferias - Av. Calle 72 # 68f - 10 / Prado veraniego - Calle 129 # 52 - 63 / Suba - Calle 139 # 101 - 06 / Usaquen - Carrera 7 # 120A - 28,3218365778,,,,Pinturas y herramientas menores
21202120,Pinturas y herramientas menores,Activa,"Bogota, D.C","(4.66666667, -74.15)",Magdalena Cauca,Alto Magdalena,Río Bogotá,El club de los colores,Calle 23 #20 - 39 - Bogota,3128183 - 6965729 - 2682424 - 3379249,info@elclubdeloscolores.com,,,Pinturas
21207610,Pinturas y herramientas menores,Activa,"Bogota, D.C","(4.66666667, -74.06666667)",Magdalena Cauca,Alto Magdalena,Río Bogotá,Pinturas Tito Pabon,Carrera 27 # 78 44 Barrio Santa Sofía,Tel. 660 66 31 Celular: 310 276 8579 WhatsApp: 350 614 7456,servicioalcliente@pinturastitopabon.com,,,Pinturas
21207890,Productos y materias primas,Suspendida,"Bogota, D.C","(4.66666667, -74.13333333)",Magdalena Cauca,Alto Magdalena,Río Bogotá,FILMTEX SAS,Cra 73 62 D 81 SUR Bogotá,6017245757,,,,"Productos y materias primas relacionadas con envases, plastico, carton, papel aluminio"
21208030,Productos y materias primas,Activa,"Bogota, D.C","(4.66666667, -74.13333333)",Magdalena Cauca,Alto Magdalena,Río Bogotá,PLASTICOMERCIAL SAS,Cll 38 SUR 72 P 46 SUR Bogota,6014032535,,,,Fabricación de formas básicas de plástico
21208070,Pinturas y herramientas menores,Activa,"Bogota, D.C","(4.66666667, -74.16666667)",Magdalena Cauca,Alto Magdalena,Río Bogotá,NOVACOLOR SAS,Carrera 69 R # 77 – 44 Bogotá - Las ferias,601 290 6990,contactenos@novacolor.com.co,,,Pigmentos para todo tipo de materias primas
21208220,Yesos entro otros,Activa,"Bogota, D.C","(4.66666667, -74.15)",Magdalena Cauca,Alto Magdalena,Río Bogotá,Eliana León - Elis Pottery,Transversal 26 #53c 37 - Detrás del Campin,3124341624,,elispottery.negocio.site,,Yesos y demás materiales. Enseñanza. Horno y realización de todos los procesos necesarios. 
21208440,Manufactura de calzado,Activa,"Bogota, D.C","(4.66666667, -74.06666667)",Magdalena Cauca,Alto Magdalena,Río Bogotá,Hernán Jiménez,Carrera 29C # 18-45 sur,315 6083179,,,,"Manufactura de calzado, el material lo llevaba cada grupo"
21209090,Cerámica y porcelana,Activa,"Bogota, D.C","(4.66666667, -74.05)",Magdalena Cauca,Alto Magdalena,Río Bogotá,Don Abelino Pulido,Cra 107 B #155-17 (ACCESO 108),310 2186919,,,,"Taller completo de cerámica y porcelana, desde enseñanza hasta los insumos necesarios"
21209480,Cerámica y esmaltado,Activa,"Bogota, D.C","(4.66666667, -74.03333333)",Magdalena Cauca,Alto Magdalena,Río Bogotá,Eli's pottery ,Tv. 26 #53c 37. Chapinero sur occidental,+57 312 4341624,,,Instagram: @elispottery,"Vaciado de barbotina, sinterizado y esmaltado de piezas cerámicas."
21200250,Insumos cerámica,Activa,"Bogota, D.C","(4.3, -74.2)",Magdalena Cauca,Alto Magdalena,Río Bogotá,José Darío ,Cachipai,+57 315 3491070,,,,En insumos materia prima para producir piezas de cerámicas
21207690,Fabricación cerámica,Activa,"Bogota, D.C","(4.3, -74.2)",Magdalena Cauca,Alto Magdalena,Río Bogotá,Eliana León,"Tv. 26 #53c-37, galerías ",3124341624,elispottery@gmail.com,,Instagram: elispottery,Fabricación de piezas en cerámica 
21209550,Cerámica y esmaltado,Activa,"Bogota, D.C","(4.66666667, -74.15)",Magdalena Cauca,Alto Magdalena,Río Bogotá,Abelino Pulido,Suba,3102186919,,,,"Juego de 6 piezas de cerámica. Curso de Cerámica. Asesoría, uso de hornos y esmalte."
21200580,Fabricación cerámica,Activa,"Bogota, D.C","(4.68333333, -74.06666667)",Magdalena Cauca,Alto Magdalena,Río Bogotá,Abelino Pulido,Suba- Avenida Cali,3102186919,,,,"Todo el proceso de enseñanza para hacer unas piezas cerámicas
Desde la elaboración del modelo, molde, barbotina, horneado y acabados"
21205470,Piezas metálicas,Activa,"Bogota, D.C","(4.68333333, -74.15)",Magdalena Cauca,Alto Magdalena,Río Bogotá,Ingenieria estructural de Colombia,Cl. 7 #28 - 13 Ricaurte,3105780467,,,https://www.facebook.com/Ingestcol/,"Asesoramiento en el proceso y forma de una pieza metalica, se genero una prueba de como se haria un proceso manual por la forma que se selecciono y asesoranro para el cambio de forma y el proceso a desarrollar aunque no se hiciera con ellos"
21202200,Corte metal,Activa,"Bogota, D.C","(4.57527778, -74.07166667)",Orinoco,Meta,Rio Metica (Guamal - Humadea),Metal cut CNC,Cra. 29 # 8 - 41,4813360,,,,Corte de laminas de acero inoxidable calibre 14 por cizalla
21200560,Publicidad e impresión,Suspendida,"Bogota, D.C","(4.7, -74.15)",Magdalena Cauca,Alto Magdalena,Río Bogotá,Target Digital ,"Cl. 9 #27-70, Ricaurte",316 4946408,targetcreativo@gmail.com,,,Impresion en baner 2 pendones de 50cm x 100cm
21205060,Herramientas eléctricas y tornillería,Suspendida,"Bogota, D.C","(4.7, -74.03333333)",Magdalena Cauca,Alto Magdalena,Río Bogotá,MECANELECTRO ,Av.Caracas (Cra 20b) No. 76 – 54 Bogotá / Calle 13 No. 22 – 96 Bogotá / (Cra 45) No. 127b - 85 Bogotá,321 473 6780-313 466 8386 - 310 217 3776,almacen.paloquemao@mecanelectro.com.co,,,Herramientas eléctricas
21205170,Herramientas eléctricas y tornillería,Suspendida,"Bogota, D.C","(4.7, -74.03333333)",Magdalena Cauca,Alto Magdalena,Río Bogotá,Ferretería Castaño,"Cra 25 #13-13, BOGOTÁ",6013750595,,,,Herramientas eléctricas y tornillería
21201420,Herramientas eléctricas y tornillería,Suspendida,"Bogota, D.C","(4.36666667, -74.13333333)",Magdalena Cauca,Alto Magdalena,Río Bogotá,TORCOL,"Av 1 de Mayo # 69 c 26, Bogotá",3229417829,,,,Herramientas y Tornillería
21202250,Pinturas y herramientas menores,Activa,"Bogota, D.C","(4.5, -74.13333333)",Magdalena Cauca,Alto Magdalena,Río Bogotá,M&D Pinturas,Principal - Av. calle 72#82-73 / Las ferias - Av. Calle 72 # 68f - 10 / Prado veraniego - Calle 129 # 52 - 63 / Suba - Calle 139 # 101 - 06 / Usaquen - Carrera 7 # 120A - 28,3218365778,,,,Pinturas y herramientas menores
21206300,Pinturas y herramientas menores,Activa,"Bogota, D.C","(4.5, -74.16666667)",Magdalena Cauca,Alto Magdalena,Río Bogotá,El club de los colores,Calle 23 #20 - 39 - Bogota,3128183 - 6965729 - 2682424 - 3379249,info@elclubdeloscolores.com,,,Pinturas
21206850,Pinturas y herramientas menores,Activa,"Bogota, D.C","(4.5, -74.11666667)",Magdalena Cauca,Alto Magdalena,Río Bogotá,Pinturas Tito Pabon,Carrera 27 # 78 44 Barrio Santa Sofía,Tel. 660 66 31 Celular: 310 276 8579 WhatsApp: 350 614 7456,servicioalcliente@pinturastitopabon.com,,,Pinturas
21202210,Productos y materias primas,Activa,"Bogota, D.C","(4.50583333, -74.08638889)",Magdalena Cauca,Alto Magdalena,Río Bogotá,FILMTEX SAS,Cra 73 62 D 81 SUR Bogotá,6017245757,,,,"Productos y materias primas relacionadas con envases, plastico, carton, papel aluminio"
21207713,Productos y materias primas,Activa,"Bogota, D.C","(4.51425083, -74.10870361)",Magdalena Cauca,Alto Magdalena,Río Bogotá,PLASTICOMERCIAL SAS,Cll 38 SUR 72 P 46 SUR Bogota,6014032535,,,,Fabricación de formas básicas de plástico
21205590,Pinturas y herramientas menores,Activa,"Bogota, D.C","(4.81666667, -74.08333333)",Magdalena Cauca,Alto Magdalena,Río Bogotá,NOVACOLOR SAS,Carrera 69 R # 77 – 44 Bogotá - Las ferias,601 290 6990,contactenos@novacolor.com.co,,,Pigmentos para todo tipo de materias primas
21209820,Yesos entro otros,Activa,"Bogota, D.C","(4.71666667, -74.08333333)",Magdalena Cauca,Alto Magdalena,Río Bogotá,Eliana León - Elis Pottery,Transversal 26 #53c 37 - Detrás del Campin,3124341624,,elispottery.negocio.site,,Yesos y demás materiales. Enseñanza. Horno y realización de todos los procesos necesarios. 
21208100,Manufactura de calzado,Activa,"Bogota, D.C","(4.73333333, -74.13333333)",Magdalena Cauca,Alto Magdalena,Río Bogotá,Hernán Jiménez,Carrera 29C # 18-45 sur,315 6083179,,,,"Manufactura de calzado, el material lo llevaba cada grupo"
21205320,Cerámica y porcelana,Suspendida,"Bogota, D.C","(4.43333333, -74.13333333)",Magdalena Cauca,Alto Magdalena,Río Bogotá,Don Abelino Pulido,Cra 107 B #155-17 (ACCESO 108),310 2186919,,,,"Taller completo de cerámica y porcelana, desde enseñanza hasta los insumos necesarios"
21209790,Cerámica y esmaltado,Activa,"Bogota, D.C","(4.73333333, -74.11666667)",Magdalena Cauca,Alto Magdalena,Río Bogotá,Eli's pottery ,Tv. 26 #53c 37. Chapinero sur occidental,+57 312 4341624,,,Instagram: @elispottery,"Vaciado de barbotina, sinterizado y esmaltado de piezas cerámicas."
21209800,Insumos cerámica,Activa,"Bogota, D.C","(4.73333333, -74.11666667)",Magdalena Cauca,Alto Magdalena,Río Bogotá,José Darío ,Cachipai,+57 315 3491070,,,,En insumos materia prima para producir piezas de cerámicas
21207770,Fabricación cerámica,Suspendida,"Bogota, D.C","(4.75, -74.13333333)",Magdalena Cauca,Alto Magdalena,Río Bogotá,Eliana León,"Tv. 26 #53c-37, galerías ",3124341624,elispottery@gmail.com,,Instagram: elispottery,Fabricación de piezas en cerámica 
21206900,Cerámica y esmaltado,Activa,"Bogota, D.C","(4.45, -74.1)",Orinoco,Meta,Río Guayuriba,Abelino Pulido,Suba,3102186919,,,,"Juego de 6 piezas de cerámica. Curso de Cerámica. Asesoría, uso de hornos y esmalte."
21202230,Fabricación cerámica,Activa,"Bogota, D.C","(4.46666667, -74.11666667)",Magdalena Cauca,Alto Magdalena,Río Bogotá,Abelino Pulido,Suba- Avenida Cali,3102186919,,,,"Todo el proceso de enseñanza para hacer unas piezas cerámicas
Desde la elaboración del modelo, molde, barbotina, horneado y acabados"
21208660,Piezas metálicas,Activa,"Bogota, D.C","(4.76666667, -74.11666667)",Magdalena Cauca,Alto Magdalena,Río Bogotá,Ingenieria estructural de Colombia,Cl. 7 #28 - 13 Ricaurte,3105780467,,,https://www.facebook.com/Ingestcol/,"Asesoramiento en el proceso y forma de una pieza metalica, se genero una prueba de como se haria un proceso manual por la forma que se selecciono y asesoranro para el cambio de forma y el proceso a desarrollar aunque no se hiciera con ellos"
21209760,Corte metal,Activa,"Bogota, D.C","(4.76666667, -74.03333333)",Magdalena Cauca,Alto Magdalena,Río Bogotá,Metal cut CNC,Cra. 29 # 8 - 41,4813360,,,,Corte de laminas de acero inoxidable calibre 14 por cizalla
21200770,Publicidad e impresión,Activa,"Bogota, D.C","(4.78333333, -74.03333333)",Magdalena Cauca,Alto Magdalena,Río Bogotá,Target Digital ,"Cl. 9 #27-70, Ricaurte",316 4946408,targetcreativo@gmail.com,,,Impresion en baner 2 pendones de 50cm x 100cm
21205512,Herramientas eléctricas y tornillería,Activa,"Bogota, D.C","(4.46931639, -74.07945417)",Magdalena Cauca,Alto Magdalena,Río Bogotá,MECANELECTRO ,Av.Caracas (Cra 20b) No. 76 – 54 Bogotá / Calle 13 No. 22 – 96 Bogotá / (Cra 45) No. 127b - 85 Bogotá,321 473 6780-313 466 8386 - 310 217 3776,almacen.paloquemao@mecanelectro.com.co,,,Herramientas eléctricas
21200850,Herramientas eléctricas y tornillería,Activa,"Bogota, D.C","(4.48333333, -74.08333333)",Magdalena Cauca,Alto Magdalena,Río Bogotá,Ferretería Castaño,"Cra 25 #13-13, BOGOTÁ",6013750595,,,,Herramientas eléctricas y tornillería
21206860,Herramientas eléctricas y tornillería,Activa,"Bogota, D.C","(4.48333333, -74.11666667)",Magdalena Cauca,Alto Magdalena,Río Bogotá,TORCOL,"Av 1 de Mayo # 69 c 26, Bogotá",3229417829,,,,Herramientas y Tornillería
21206870,Pinturas y herramientas menores,Activa,"Bogota, D.C","(4.48333333, -74.11666667)",Magdalena Cauca,Alto Magdalena,Río Bogotá,M&D Pinturas,Principal - Av. calle 72#82-73 / Las ferias - Av. Calle 72 # 68f - 10 / Prado veraniego - Calle 129 # 52 - 63 / Suba - Calle 139 # 101 - 06 / Usaquen - Carrera 7 # 120A - 28,3218365778,,,,Pinturas y herramientas menores
21205523,Pinturas y herramientas menores,Activa,"Bogota, D.C","(4.78815722, -74.05005889)",Magdalena Cauca,Alto Magdalena,Río Bogotá,El club de los colores,Calle 23 #20 - 39 - Bogota,3128183 - 6965729 - 2682424 - 3379249,info@elclubdeloscolores.com,,,Pinturas
21209770,Pinturas y herramientas menores,Activa,"Bogota, D.C","(4.8, -74.08333333)",Magdalena Cauca,Alto Magdalena,Río Bogotá,Pinturas Tito Pabon,Carrera 27 # 78 44 Barrio Santa Sofía,Tel. 660 66 31 Celular: 310 276 8579 WhatsApp: 350 614 7456,servicioalcliente@pinturastitopabon.com,,,Pinturas
21209840,Productos y materias primas,Activa,"Bogota, D.C","(4.68333333, -74.16666667)",Magdalena Cauca,Alto Magdalena,Río Bogotá,FILMTEX SAS,Cra 73 62 D 81 SUR Bogotá,6017245757,,,,"Productos y materias primas relacionadas con envases, plastico, carton, papel aluminio"
21209850,Productos y materias primas,Activa,"Bogota, D.C","(4.68333333, -74.06666667)",Magdalena Cauca,Alto Magdalena,Río Bogotá,PLASTICOMERCIAL SAS,Cll 38 SUR 72 P 46 SUR Bogota,6014032535,,,,Fabricación de formas básicas de plástico
21205270,Pinturas y herramientas menores,Suspendida,"Bogota, D.C","(4.61666667, -74.06666667)",Magdalena Cauca,Alto Magdalena,Río Bogotá,NOVACOLOR SAS,Carrera 69 R # 77 – 44 Bogotá - Las ferias,601 290 6990,contactenos@novacolor.com.co,,,Pigmentos para todo tipo de materias primas
21205290,Yesos entro otros,Suspendida,"Bogota, D.C","(4.61666667, -74.08333333)",Magdalena Cauca,Alto Magdalena,Río Bogotá,Eliana León - Elis Pottery,Transversal 26 #53c 37 - Detrás del Campin,3124341624,,elispottery.negocio.site,,Yesos y demás materiales. Enseñanza. Horno y realización de todos los procesos necesarios. 
35020170,Manufactura de calzado,Suspendida,"Bogota, D.C","(4.18333333, -74.18333333)",Orinoco,Meta,Río Guayuriba,Hernán Jiménez,Carrera 29C # 18-45 sur,315 6083179,,,,"Manufactura de calzado, el material lo llevaba cada grupo"
21206720,Cerámica y porcelana,Activa,"Bogota, D.C","(4.61666667, -74.05)",Magdalena Cauca,Alto Magdalena,Río Bogotá,Don Abelino Pulido,Cra 107 B #155-17 (ACCESO 108),310 2186919,,,,"Taller completo de cerámica y porcelana, desde enseñanza hasta los insumos necesarios"
21206750,Cerámica y esmaltado,Activa,"Bogota, D.C","(4.61666667, -74.21666667)",Magdalena Cauca,Alto Magdalena,Río Bogotá,Eli's pottery ,Tv. 26 #53c 37. Chapinero sur occidental,+57 312 4341624,,,Instagram: @elispottery,"Vaciado de barbotina, sinterizado y esmaltado de piezas cerámicas."
21206770,Insumos cerámica,Activa,"Bogota, D.C","(4.61666667, -74.2)",Magdalena Cauca,Alto Magdalena,Río Bogotá,José Darío ,Cachipai,+57 315 3491070,,,,En insumos materia prima para producir piezas de cerámicas
21206780,Fabricación cerámica,Activa,"Bogota, D.C","(4.61666667, -74.31666667)",Magdalena Cauca,Alto Magdalena,Río Bogotá,Eliana León,"Tv. 26 #53c-37, galerías ",3124341624,elispottery@gmail.com,,Instagram: elispottery,Fabricación de piezas en cerámica 
21209900,Cerámica y esmaltado,Activa,"Bogota, D.C","(4.61666667, -74.11666667)",Magdalena Cauca,Alto Magdalena,Río Bogotá,Abelino Pulido,Suba,3102186919,,,,"Juego de 6 piezas de cerámica. Curso de Cerámica. Asesoría, uso de hornos y esmalte."
21209910,Fabricación cerámica,Activa,"Bogota, D.C","(4.61666667, -74.11666667)",Magdalena Cauca,Alto Magdalena,Río Bogotá,Abelino Pulido,Suba- Avenida Cali,3102186919,,,,"Todo el proceso de enseñanza para hacer unas piezas cerámicas
Desde la elaboración del modelo, molde, barbotina, horneado y acabados"
21205508,Piezas metálicas,Activa,"Bogota, D.C","(4.62096028, -74.06297778)",Magdalena Cauca,Alto Magdalena,Río Bogotá,Ingenieria estructural de Colombia,Cl. 7 #28 - 13 Ricaurte,3105780467,,,https://www.facebook.com/Ingestcol/,"Asesoramiento en el proceso y forma de una pieza metalica, se genero una prueba de como se haria un proceso manual por la forma que se selecciono y asesoranro para el cambio de forma y el proceso a desarrollar aunque no se hiciera con ellos"
21200350,Corte metal,Suspendida,"Bogota, D.C","(4.63333333, -74.1)",Magdalena Cauca,Alto Magdalena,Río Bogotá,Metal cut CNC,Cra. 29 # 8 - 41,4813360,,,,Corte de laminas de acero inoxidable calibre 14 por cizalla
21201290,Publicidad e impresión,Activa,"Bogota, D.C","(4.23333333, -74.18333333)",Orinoco,Meta,Río Guayuriba,Target Digital ,"Cl. 9 #27-70, Ricaurte",316 4946408,targetcreativo@gmail.com,,,Impresion en baner 2 pendones de 50cm x 100cm
35020190,Herramientas eléctricas y tornillería,Suspendida,"Bogota, D.C","(4.23333333, -74.18333333)",Orinoco,Meta,Río Guayuriba,MECANELECTRO ,Av.Caracas (Cra 20b) No. 76 – 54 Bogotá / Calle 13 No. 22 – 96 Bogotá / (Cra 45) No. 127b - 85 Bogotá,321 473 6780-313 466 8386 - 310 217 3776,almacen.paloquemao@mecanelectro.com.co,,,Herramientas eléctricas
21202240,Herramientas eléctricas y tornillería,Activa,"Bogota, D.C","(4.63333333, -74.05)",Magdalena Cauca,Alto Magdalena,Río Bogotá,Ferretería Castaño,"Cra 25 #13-13, BOGOTÁ",6013750595,,,,Herramientas eléctricas y tornillería
21200790,Herramientas eléctricas y tornillería,Suspendida,"Bogota, D.C","(4.65, -74.13333333)",Magdalena Cauca,Alto Magdalena,Río Bogotá,TORCOL,"Av 1 de Mayo # 69 c 26, Bogotá",3229417829,,,,Herramientas y Tornillería
21205540,Pinturas y herramientas menores,Activa,"Bogota, D.C","(4.63333333, -74.06666667)",Magdalena Cauca,Alto Magdalena,Río Bogotá,M&D Pinturas,Principal - Av. calle 72#82-73 / Las ferias - Av. Calle 72 # 68f - 10 / Prado veraniego - Calle 129 # 52 - 63 / Suba - Calle 139 # 101 - 06 / Usaquen - Carrera 7 # 120A - 28,3218365778,,,,Pinturas y herramientas menores
21206760,Pinturas y herramientas menores,Activa,"Bogota, D.C","(4.63333333, -74.23333333)",Magdalena Cauca,Alto Magdalena,Río Bogotá,El club de los colores,Calle 23 #20 - 39 - Bogota,3128183 - 6965729 - 2682424 - 3379249,info@elclubdeloscolores.com,,,Pinturas
21206910,Pinturas y herramientas menores,Activa,"Bogota, D.C","(4.63333333, -74.05)",Magdalena Cauca,Alto Magdalena,Río Bogotá,Pinturas Tito Pabon,Carrera 27 # 78 44 Barrio Santa Sofía,Tel. 660 66 31 Celular: 310 276 8579 WhatsApp: 350 614 7456,servicioalcliente@pinturastitopabon.com,,,Pinturas
21209860,Productos y materias primas,Activa,"Bogota, D.C","(4.63333333, -74.23333333)",Magdalena Cauca,Alto Magdalena,Río Bogotá,FILMTEX SAS,Cra 73 62 D 81 SUR Bogotá,6017245757,,,,"Productos y materias primas relacionadas con envases, plastico, carton, papel aluminio"
21207720,Productos y materias primas,Suspendida,"Bogota, D.C","(4.63333333, -74.23333333)",Magdalena Cauca,Alto Magdalena,Río Bogotá,PLASTICOMERCIAL SAS,Cll 38 SUR 72 P 46 SUR Bogota,6014032535,,,,Fabricación de formas básicas de plástico
21208330,Pinturas y herramientas menores,Suspendida,"Bogota, D.C","(4.63333333, -74.13333333)",Magdalena Cauca,Alto Magdalena,Río Bogotá,NOVACOLOR SAS,Carrera 69 R # 77 – 44 Bogotá - Las ferias,601 290 6990,contactenos@novacolor.com.co,,,Pigmentos para todo tipo de materias primas
21200890,Yesos entro otros,Suspendida,"Bogota, D.C","(4.28333333, -74.21666667)",Magdalena Cauca,Alto Magdalena,Río Bogotá,Eliana León - Elis Pottery,Transversal 26 #53c 37 - Detrás del Campin,3124341624,,elispottery.negocio.site,,Yesos y demás materiales. Enseñanza. Horno y realización de todos los procesos necesarios. 
21205030,Manufactura de calzado,Suspendida,"Bogota, D.C","(4.65, -74.06666667)",Magdalena Cauca,Alto Magdalena,Río Bogotá,Hernán Jiménez,Carrera 29C # 18-45 sur,315 6083179,,,,"Manufactura de calzado, el material lo llevaba cada grupo"
21206730,Cerámica y porcelana,Activa,"Bogota, D.C","(4.65, -74.18333333)",Magdalena Cauca,Alto Magdalena,Río Bogotá,Don Abelino Pulido,Cra 107 B #155-17 (ACCESO 108),310 2186919,,,,"Taller completo de cerámica y porcelana, desde enseñanza hasta los insumos necesarios"
21206890,Cerámica y esmaltado,Activa,"Bogota, D.C","(4.65, -74.01666667)",Magdalena Cauca,Alto Magdalena,Río Bogotá,Eli's pottery ,Tv. 26 #53c 37. Chapinero sur occidental,+57 312 4341624,,,Instagram: @elispottery,"Vaciado de barbotina, sinterizado y esmaltado de piezas cerámicas."
21209890,Insumos cerámica,Activa,"Bogota, D.C","(4.65, -74.13333333)",Magdalena Cauca,Alto Magdalena,Río Bogotá,José Darío ,Cachipai,+57 315 3491070,,,,En insumos materia prima para producir piezas de cerámicas
21207740,Fabricación cerámica,Suspendida,"Bogota, D.C","(4.66666667, -74.15)",Magdalena Cauca,Alto Magdalena,Río Bogotá,Eliana León,"Tv. 26 #53c-37, galerías ",3124341624,elispottery@gmail.com,,Instagram: elispottery,Fabricación de piezas en cerámica 
21207900,Cerámica y esmaltado,Suspendida,"Bogota, D.C","(4.66666667, -74.16666667)",Magdalena Cauca,Alto Magdalena,Río Bogotá,Abelino Pulido,Suba,3102186919,,,,"Juego de 6 piezas de cerámica. Curso de Cerámica. Asesoría, uso de hornos y esmalte."
21209880,Fabricación cerámica,Activa,"Bogota, D.C","(4.66666667, -74.15)",Magdalena Cauca,Alto Magdalena,Río Bogotá,Abelino Pulido,Suba- Avenida Cali,3102186919,,,,"Todo el proceso de enseñanza para hacer unas piezas cerámicas
Desde la elaboración del modelo, molde, barbotina, horneado y acabados"
21201110,Piezas metálicas,Activa,"Bogota, D.C","(4.68333333, -74.01666667)",Magdalena Cauca,Alto Magdalena,Río Bogotá,Ingenieria estructural de Colombia,Cl. 7 #28 - 13 Ricaurte,3105780467,,,https://www.facebook.com/Ingestcol/,"Asesoramiento en el proceso y forma de una pieza metalica, se genero una prueba de como se haria un proceso manual por la forma que se selecciono y asesoranro para el cambio de forma y el proceso a desarrollar aunque no se hiciera con ellos"
21207140,Corte metal,Activa,"Bogota, D.C","(4.68333333, -74.16666667)",Magdalena Cauca,Alto Magdalena,Río Bogotá,Metal cut CNC,Cra. 29 # 8 - 41,4813360,,,,Corte de laminas de acero inoxidable calibre 14 por cizalla
35020160,Publicidad e impresión,Suspendida,"Bogota, D.C","(4.13333333, -74.23333333)",Orinoco,Meta,Río Guayuriba,Target Digital ,"Cl. 9 #27-70, Ricaurte",316 4946408,targetcreativo@gmail.com,,,Impresion en baner 2 pendones de 50cm x 100cm
21200630,Herramientas eléctricas y tornillería,Suspendida,"Bogota, D.C","(4.6, -74.08333333)",Magdalena Cauca,Alto Magdalena,Río Bogotá,MECANELECTRO ,Av.Caracas (Cra 20b) No. 76 – 54 Bogotá / Calle 13 No. 22 – 96 Bogotá / (Cra 45) No. 127b - 85 Bogotá,321 473 6780-313 466 8386 - 310 217 3776,almacen.paloquemao@mecanelectro.com.co,,,Herramientas eléctricas
21201770,Herramientas eléctricas y tornillería,Activa,"Bogota, D.C","(4.6, -74.4)",Magdalena Cauca,Alto Magdalena,Río Bogotá,Ferretería Castaño,"Cra 25 #13-13, BOGOTÁ",6013750595,,,,Herramientas eléctricas y tornillería
21206800,Herramientas eléctricas y tornillería,Activa,"Bogota, D.C","(4.6, -74.15)",Magdalena Cauca,Alto Magdalena,Río Bogotá,TORCOL,"Av 1 de Mayo # 69 c 26, Bogotá",3229417829,,,,Herramientas y Tornillería
21207010,Pinturas y herramientas menores,Activa,"Bogota, D.C","(4.6, -74.2)",Magdalena Cauca,Alto Magdalena,Río Bogotá,M&D Pinturas,Principal - Av. calle 72#82-73 / Las ferias - Av. Calle 72 # 68f - 10 / Prado veraniego - Calle 129 # 52 - 63 / Suba - Calle 139 # 101 - 06 / Usaquen - Carrera 7 # 120A - 28,3218365778,,,,Pinturas y herramientas menores
21209750,Pinturas y herramientas menores,Activa,"Bogota, D.C","(4.61525, -74.18358056)",Magdalena Cauca,Alto Magdalena,Río Bogotá,El club de los colores,Calle 23 #20 - 39 - Bogota,3128183 - 6965729 - 2682424 - 3379249,info@elclubdeloscolores.com,,,Pinturas
21201150,Pinturas y herramientas menores,Activa,"Bogota, D.C","(4.61666667, -74.08333333)",Magdalena Cauca,Alto Magdalena,Río Bogotá,Pinturas Tito Pabon,Carrera 27 # 78 44 Barrio Santa Sofía,Tel. 660 66 31 Celular: 310 276 8579 WhatsApp: 350 614 7456,servicioalcliente@pinturastitopabon.com,,,Pinturas
21202220,Productos y materias primas,Activa,"Bogota, D.C","(4.61666667, -74.05)",Magdalena Cauca,Alto Magdalena,Río Bogotá,FILMTEX SAS,Cra 73 62 D 81 SUR Bogotá,6017245757,,,,"Productos y materias primas relacionadas con envases, plastico, carton, papel aluminio"
21201480,Productos y materias primas,Suspendida,"Bogota, D.C","(4.83333333, -74.1)",Magdalena Cauca,Alto Magdalena,Río Bogotá,PLASTICOMERCIAL SAS,Cll 38 SUR 72 P 46 SUR Bogota,6014032535,,,,Fabricación de formas básicas de plástico
21202040,Pinturas y herramientas menores,Activa,"Bogota, D.C","(4.51666667, -74.08333333)",Magdalena Cauca,Alto Magdalena,Río Bogotá,NOVACOLOR SAS,Carrera 69 R # 77 – 44 Bogotá - Las ferias,601 290 6990,contactenos@novacolor.com.co,,,Pigmentos para todo tipo de materias primas
21202190,Yesos entro otros,Activa,"Bogota, D.C","(4.51666667, -74.08333333)",Magdalena Cauca,Alto Magdalena,Río Bogotá,Eliana León - Elis Pottery,Transversal 26 #53c 37 - Detrás del Campin,3124341624,,elispottery.negocio.site,,Yesos y demás materiales. Enseñanza. Horno y realización de todos los procesos necesarios. 
21206840,Manufactura de calzado,Activa,"Bogota, D.C","(4.51666667, -74.11666667)",Magdalena Cauca,Alto Magdalena,Río Bogotá,Hernán Jiménez,Carrera 29C # 18-45 sur,315 6083179,,,,"Manufactura de calzado, el material lo llevaba cada grupo"
21209940,Cerámica y porcelana,Activa,"Bogota, D.C","(4.53333333, -74.11666667)",Magdalena Cauca,Alto Magdalena,Río Bogotá,Don Abelino Pulido,Cra 107 B #155-17 (ACCESO 108),310 2186919,,,,"Taller completo de cerámica y porcelana, desde enseñanza hasta los insumos necesarios"
21202180,Cerámica y esmaltado,Activa,"Bogota, D.C","(4.54305556, -74.15583333)",Magdalena Cauca,Alto Magdalena,Río Bogotá,Eli's pottery ,Tv. 26 #53c 37. Chapinero sur occidental,+57 312 4341624,,,Instagram: @elispottery,"Vaciado de barbotina, sinterizado y esmaltado de piezas cerámicas."
21206810,Insumos cerámica,Activa,"Bogota, D.C","(4.55, -74.23333333)",Magdalena Cauca,Alto Magdalena,Río Bogotá,José Darío ,Cachipai,+57 315 3491070,,,,En insumos materia prima para producir piezas de cerámicas
21206820,Fabricación cerámica,Activa,"Bogota, D.C","(4.55, -74.13333333)",Magdalena Cauca,Alto Magdalena,Río Bogotá,Eliana León,"Tv. 26 #53c-37, galerías ",3124341624,elispottery@gmail.com,,Instagram: elispottery,Fabricación de piezas en cerámica 
21197050,Cerámica y esmaltado,Suspendida,"Bogota, D.C","(3.98333333, -74.33333333)",Magdalena Cauca,Alto Magdalena,Río Sumapaz,Abelino Pulido,Suba,3102186919,,,,"Juego de 6 piezas de cerámica. Curso de Cerámica. Asesoría, uso de hornos y esmalte."
21197060,Fabricación cerámica,Suspendida,"Bogota, D.C","(4.0, -74.36666667)",Magdalena Cauca,Alto Magdalena,Río Sumapaz,Abelino Pulido,Suba- Avenida Cali,3102186919,,,,"Todo el proceso de enseñanza para hacer unas piezas cerámicas
Desde la elaboración del modelo, molde, barbotina, horneado y acabados"
35025502,Piezas metálicas,Activa,"Bogota, D.C","(4.55966194, -73.99972222)",Orinoco,Meta,Río Guayuriba,Ingenieria estructural de Colombia,Cl. 7 #28 - 13 Ricaurte,3105780467,,,https://www.facebook.com/Ingestcol/,"Asesoramiento en el proceso y forma de una pieza metalica, se genero una prueba de como se haria un proceso manual por la forma que se selecciono y asesoranro para el cambio de forma y el proceso a desarrollar aunque no se hiciera con ellos"
21201560,Corte metal,Activa,"Bogota, D.C","(4.56666667, -74.13333333)",Magdalena Cauca,Alto Magdalena,Río Bogotá,Metal cut CNC,Cra. 29 # 8 - 41,4813360,,,,Corte de laminas de acero inoxidable calibre 14 por cizalla
21201980,Publicidad e impresión,Activa,"Bogota, D.C","(4.56666667, -74.05)",Magdalena Cauca,Alto Magdalena,Río Bogotá,Target Digital ,"Cl. 9 #27-70, Ricaurte",316 4946408,targetcreativo@gmail.com,,,Impresion en baner 2 pendones de 50cm x 100cm
21202170,Herramientas eléctricas y tornillería,Activa,"Bogota, D.C","(4.56666667, -74.16666667)",Magdalena Cauca,Alto Magdalena,Río Bogotá,MECANELECTRO ,Av.Caracas (Cra 20b) No. 76 – 54 Bogotá / Calle 13 No. 22 – 96 Bogotá / (Cra 45) No. 127b - 85 Bogotá,321 473 6780-313 466 8386 - 310 217 3776,almacen.paloquemao@mecanelectro.com.co,,,Herramientas eléctricas
21206830,Herramientas eléctricas y tornillería,Activa,"Bogota, D.C","(4.56666667, -74.06666667)",Magdalena Cauca,Alto Magdalena,Río Bogotá,Ferretería Castaño,"Cra 25 #13-13, BOGOTÁ",6013750595,,,,Herramientas eléctricas y tornillería
35020150,Herramientas eléctricas y tornillería,Suspendida,"Bogota, D.C","(4.05, -74.21666667)",Orinoco,Meta,Río Guayuriba,TORCOL,"Av 1 de Mayo # 69 c 26, Bogotá",3229417829,,,,Herramientas y Tornillería
21200040,Pinturas y herramientas menores,Activa,"Bogota, D.C","(4.6, -74.06666667)",Magdalena Cauca,Alto Magdalena,Río Bogotá,M&D Pinturas,Principal - Av. calle 72#82-73 / Las ferias - Av. Calle 72 # 68f - 10 / Prado veraniego - Calle 129 # 52 - 63 / Suba - Calle 139 # 101 - 06 / Usaquen - Carrera 7 # 120A - 28,3218365778,,,,Pinturas y herramientas menores
21200010,Pinturas y herramientas menores,Suspendida,"Bogota, D.C","(4.6, -74.08333333)",Magdalena Cauca,Alto Magdalena,Río Bogotá,El club de los colores,Calle 23 #20 - 39 - Bogota,3128183 - 6965729 - 2682424 - 3379249,info@elclubdeloscolores.com,,,Pinturas
21200180,Pinturas y herramientas menores,Suspendida,"Bogota, D.C","(4.6, -74.06666667)",Magdalena Cauca,Alto Magdalena,Río Bogotá,Pinturas Tito Pabon,Carrera 27 # 78 44 Barrio Santa Sofía,Tel. 660 66 31 Celular: 310 276 8579 WhatsApp: 350 614 7456,servicioalcliente@pinturastitopabon.com,,,Pinturas
21200470,Productos y materias primas,Suspendida,"Bogota, D.C","(4.6, -74.08333333)",Magdalena Cauca,Alto Magdalena,Río Bogotá,FILMTEX SAS,Cra 73 62 D 81 SUR Bogotá,6017245757,,,,"Productos y materias primas relacionadas con envases, plastico, carton, papel aluminio"
2120000148,Productos y materias primas,Activa,"Bogota, D.C","(4.67, -74.11)",Magdalena Cauca,Alto Magdalena,Río Bogotá,PLASTICOMERCIAL SAS,Cll 38 SUR 72 P 46 SUR Bogota,6014032535,,,,Fabricación de formas básicas de plástico
21205509,Pinturas y herramientas menores,Activa,"Bogota, D.C","(4.39666778, -74.6283125)",Magdalena Cauca,Alto Magdalena,Río Bogotá,NOVACOLOR SAS,Carrera 69 R # 77 – 44 Bogotá - Las ferias,601 290 6990,contactenos@novacolor.com.co,,,Pigmentos para todo tipo de materias primas
21206270,Yesos entro otros,Activa,"Bogota, D.C","(4.7, -74.06666667)",Magdalena Cauca,Alto Magdalena,Río Bogotá,Eliana León - Elis Pottery,Transversal 26 #53c 37 - Detrás del Campin,3124341624,,elispottery.negocio.site,,Yesos y demás materiales. Enseñanza. Horno y realización de todos los procesos necesarios. 
21207160,Manufactura de calzado,Activa,"Bogota, D.C","(4.7, -74.16666667)",Magdalena Cauca,Alto Magdalena,Río Bogotá,Hernán Jiménez,Carrera 29C # 18-45 sur,315 6083179,,,,"Manufactura de calzado, el material lo llevaba cada grupo"
21209830,Cerámica y porcelana,Activa,"Bogota, D.C","(4.7, -74.08333333)",Magdalena Cauca,Alto Magdalena,Río Bogotá,Don Abelino Pulido,Cra 107 B #155-17 (ACCESO 108),310 2186919,,,,"Taller completo de cerámica y porcelana, desde enseñanza hasta los insumos necesarios"
21206430,Cerámica y esmaltado,Activa,"Bogota, D.C","(4.71666667, -74.03333333)",Magdalena Cauca,Alto Magdalena,Río Bogotá,Eli's pottery ,Tv. 26 #53c 37. Chapinero sur occidental,+57 312 4341624,,,Instagram: @elispottery,"Vaciado de barbotina, sinterizado y esmaltado de piezas cerámicas."
21206880,Insumos cerámica,Activa,"Bogota, D.C","(4.71666667, -74.15)",Magdalena Cauca,Alto Magdalena,Río Bogotá,José Darío ,Cachipai,+57 315 3491070,,,,En insumos materia prima para producir piezas de cerámicas
21207700,Fabricación cerámica,Suspendida,"Bogota, D.C","(4.73333333, -74.13333333)",Magdalena Cauca,Alto Magdalena,Río Bogotá,Eliana León,"Tv. 26 #53c-37, galerías ",3124341624,elispottery@gmail.com,,Instagram: elispottery,Fabricación de piezas en cerámica 
21207710,Cerámica y esmaltado,Suspendida,"Bogota, D.C","(4.61666667, -74.2)",Magdalena Cauca,Alto Magdalena,Río Bogotá,Abelino Pulido,Suba,3102186919,,,,"Juego de 6 piezas de cerámica. Curso de Cerámica. Asesoría, uso de hornos y esmalte."
21205210,Fabricación cerámica,Suspendida,"Bogota, D.C","(4.63333333, -74.15)",Magdalena Cauca,Alto Magdalena,Río Bogotá,Abelino Pulido,Suba- Avenida Cali,3102186919,,,,"Todo el proceso de enseñanza para hacer unas piezas cerámicas
Desde la elaboración del modelo, molde, barbotina, horneado y acabados"
21201450,Piezas metálicas,Suspendida,"Bogota, D.C","(4.65, -74.06666667)",Magdalena Cauca,Alto Magdalena,Río Bogotá,Ingenieria estructural de Colombia,Cl. 7 #28 - 13 Ricaurte,3105780467,,,https://www.facebook.com/Ingestcol/,"Asesoramiento en el proceso y forma de una pieza metalica, se genero una prueba de como se haria un proceso manual por la forma que se selecciono y asesoranro para el cambio de forma y el proceso a desarrollar aunque no se hiciera con ellos"
21205010,Corte metal,Suspendida,"Bogota, D.C","(4.6, -74.08333333)",Magdalena Cauca,Alto Magdalena,Río Bogotá,Metal cut CNC,Cra. 29 # 8 - 41,4813360,,,,Corte de laminas de acero inoxidable calibre 14 por cizalla
21205250,Publicidad e impresión,Suspendida,"Bogota, D.C","(4.61666667, -74.18333333)",Magdalena Cauca,Alto Magdalena,Río Bogotá,Target Digital ,"Cl. 9 #27-70, Ricaurte",316 4946408,targetcreativo@gmail.com,,,Impresion en baner 2 pendones de 50cm x 100cm
21205040,Herramientas eléctricas y tornillería,Suspendida,"Bogota, D.C","(4.55, -74.13333333)",Magdalena Cauca,Alto Magdalena,Río Bogotá,MECANELECTRO ,Av.Caracas (Cra 20b) No. 76 – 54 Bogotá / Calle 13 No. 22 – 96 Bogotá / (Cra 45) No. 127b - 85 Bogotá,321 473 6780-313 466 8386 - 310 217 3776,almacen.paloquemao@mecanelectro.com.co,,,Herramientas eléctricas
21200050,Herramientas eléctricas y tornillería,Suspendida,"Bogota, D.C","(4.6, -74.08333333)",Magdalena Cauca,Alto Magdalena,Río Bogotá,Ferretería Castaño,"Cra 25 #13-13, BOGOTÁ",6013750595,,,,Herramientas eléctricas y tornillería
2120000099,Herramientas eléctricas y tornillería,Activa,"Bogota, D.C","(4.74923333, -74.08073056)",Magdalena Cauca,Alto Magdalena,Río Bogotá,TORCOL,"Av 1 de Mayo # 69 c 26, Bogotá",3229417829,,,,Herramientas y Tornillería
2120700037,Pinturas y herramientas menores,Activa,"Bogota, D.C","(4.55643889, -74.12517222)",Magdalena Cauca,Alto Magdalena,Río Bogotá,M&D Pinturas,Principal - Av. calle 72#82-73 / Las ferias - Av. Calle 72 # 68f - 10 / Prado veraniego - Calle 129 # 52 - 63 / Suba - Calle 139 # 101 - 06 / Usaquen - Carrera 7 # 120A - 28,3218365778,,,,Pinturas y herramientas menores
2120000102,Pinturas y herramientas menores,Activa,"Bogota, D.C","(4.63536944, -74.20540833)",Magdalena Cauca,Alto Magdalena,Río Bogotá,El club de los colores,Calle 23 #20 - 39 - Bogota,3128183 - 6965729 - 2682424 - 3379249,info@elclubdeloscolores.com,,,Pinturas
2120000104,Pinturas y herramientas menores,Activa,"Bogota, D.C","(4.81324722, -74.03125556)",Magdalena Cauca,Alto Magdalena,Río Bogotá,Pinturas Tito Pabon,Carrera 27 # 78 44 Barrio Santa Sofía,Tel. 660 66 31 Celular: 310 276 8579 WhatsApp: 350 614 7456,servicioalcliente@pinturastitopabon.com,,,Pinturas
2120700038,Productos y materias primas,Activa,"Bogota, D.C","(4.56233889, -74.14884444)",Magdalena Cauca,Alto Magdalena,Río Bogotá,FILMTEX SAS,Cra 73 62 D 81 SUR Bogotá,6017245757,,,,"Productos y materias primas relacionadas con envases, plastico, carton, papel aluminio"
2120000100,Productos y materias primas,Activa,"Bogota, D.C","(4.65238889, -74.07543333)",Magdalena Cauca,Alto Magdalena,Río Bogotá,PLASTICOMERCIAL SAS,Cll 38 SUR 72 P 46 SUR Bogota,6014032535,,,,Fabricación de formas básicas de plástico
2120000101,Pinturas y herramientas menores,Activa,"Bogota, D.C","(4.58073889, -74.17828056)",Magdalena Cauca,Alto Magdalena,Río Bogotá,NOVACOLOR SAS,Carrera 69 R # 77 – 44 Bogotá - Las ferias,601 290 6990,contactenos@novacolor.com.co,,,Pigmentos para todo tipo de materias primas
2120000103,Yesos entro otros,Activa,"Bogota, D.C","(4.73255833, -74.01868889)",Magdalena Cauca,Alto Magdalena,Río Bogotá,Eliana León - Elis Pottery,Transversal 26 #53c 37 - Detrás del Campin,3124341624,,elispottery.negocio.site,,Yesos y demás materiales. Enseñanza. Horno y realización de todos los procesos necesarios. 
2120000105,Manufactura de calzado,Activa,"Bogota, D.C","(4.76345833, -74.02177222)",Magdalena Cauca,Alto Magdalena,Río Bogotá,Hernán Jiménez,Carrera 29C # 18-45 sur,315 6083179,,,,"Manufactura de calzado, el material lo llevaba cada grupo"
2120000106,Cerámica y porcelana,Activa,"Bogota, D.C","(4.5117, -74.16352222)",Magdalena Cauca,Alto Magdalena,Río Bogotá,Don Abelino Pulido,Cra 107 B #155-17 (ACCESO 108),310 2186919,,,,"Taller completo de cerámica y porcelana, desde enseñanza hasta los insumos necesarios"
2120000107,Cerámica y esmaltado,Activa,"Bogota, D.C","(4.53603889, -74.10647222)",Magdalena Cauca,Alto Magdalena,Río Bogotá,Eli's pottery ,Tv. 26 #53c 37. Chapinero sur occidental,+57 312 4341624,,,Instagram: @elispottery,"Vaciado de barbotina, sinterizado y esmaltado de piezas cerámicas."
2120000108,Insumos cerámica,Activa,"Bogota, D.C","(4.67493333, -74.11360833)",Magdalena Cauca,Alto Magdalena,Río Bogotá,José Darío ,Cachipai,+57 315 3491070,,,,En insumos materia prima para producir piezas de cerámicas
2120000109,Fabricación cerámica,Activa,"Bogota, D.C","(4.720125, -74.10828889)",Magdalena Cauca,Alto Magdalena,Río Bogotá,Eliana León,"Tv. 26 #53c-37, galerías ",3124341624,elispottery@gmail.com,,Instagram: elispottery,Fabricación de piezas en cerámica 
2120000146,Cerámica y esmaltado,Activa,"Bogota, D.C","(4.73, -74.02)",Magdalena Cauca,Alto Magdalena,Río Bogotá,Abelino Pulido,Suba,3102186919,,,,"Juego de 6 piezas de cerámica. Curso de Cerámica. Asesoría, uso de hornos y esmalte."
2120000147,Fabricación cerámica,Activa,"Bogota, D.C","(4.76, -74.02)",Magdalena Cauca,Alto Magdalena,Río Bogotá,Abelino Pulido,Suba- Avenida Cali,3102186919,,,,"Todo el proceso de enseñanza para hacer unas piezas cerámicas
Desde la elaboración del modelo, molde, barbotina, horneado y acabados"
2120700154,Piezas metálicas,Activa,"Bogota, D.C","(4.55346111, -74.1078)",Magdalena Cauca,Alto Magdalena,Río Bogotá,Ingenieria estructural de Colombia,Cl. 7 #28 - 13 Ricaurte,3105780467,,,https://www.facebook.com/Ingestcol/,"Asesoramiento en el proceso y forma de una pieza metalica, se genero una prueba de como se haria un proceso manual por la forma que se selecciono y asesoranro para el cambio de forma y el proceso a desarrollar aunque no se hiciera con ellos"
2120000117,Corte metal,Activa,"Bogota, D.C","(4.54293056, -74.08026389)",Magdalena Cauca,Alto Magdalena,Río Bogotá,Metal cut CNC,Cra. 29 # 8 - 41,4813360,,,,Corte de laminas de acero inoxidable calibre 14 por cizalla
2120000118,Publicidad e impresión,Activa,"Bogota, D.C","(4.74296111, -74.10135833)",Magdalena Cauca,Alto Magdalena,Río Bogotá,Target Digital ,"Cl. 9 #27-70, Ricaurte",316 4946408,targetcreativo@gmail.com,,,Impresion en baner 2 pendones de 50cm x 100cm
2120000119,Herramientas eléctricas y tornillería,Activa,"Bogota, D.C","(4.55576389, -74.096675)",Magdalena Cauca,Alto Magdalena,Río Bogotá,MECANELECTRO ,Av.Caracas (Cra 20b) No. 76 – 54 Bogotá / Calle 13 No. 22 – 96 Bogotá / (Cra 45) No. 127b - 85 Bogotá,321 473 6780-313 466 8386 - 310 217 3776,almacen.paloquemao@mecanelectro.com.co,,,Herramientas eléctricas
2120000120,Herramientas eléctricas y tornillería,Activa,"Bogota, D.C","(4.71661944, -74.0644)",Magdalena Cauca,Alto Magdalena,Río Bogotá,Ferretería Castaño,"Cra 25 #13-13, BOGOTÁ",6013750595,,,,Herramientas eléctricas y tornillería
2120000122,Herramientas eléctricas y tornillería,Activa,"Bogota, D.C","(4.62456667, -74.15499167)",Magdalena Cauca,Alto Magdalena,Río Bogotá,TORCOL,"Av 1 de Mayo # 69 c 26, Bogotá",3229417829,,,,Herramientas y Tornillería
2120000125,Pinturas y herramientas menores,Activa,"Bogota, D.C","(4.61958611, -74.11321944)",Magdalena Cauca,Alto Magdalena,Río Bogotá,M&D Pinturas,Principal - Av. calle 72#82-73 / Las ferias - Av. Calle 72 # 68f - 10 / Prado veraniego - Calle 129 # 52 - 63 / Suba - Calle 139 # 101 - 06 / Usaquen - Carrera 7 # 120A - 28,3218365778,,,,Pinturas y herramientas menores
2120700155,Pinturas y herramientas menores,Activa,"Bogota, D.C","(4.83065, -74.04818056)",Magdalena Cauca,Alto Magdalena,Río Bogotá,El club de los colores,Calle 23 #20 - 39 - Bogota,3128183 - 6965729 - 2682424 - 3379249,info@elclubdeloscolores.com,,,Pinturas
2120000127,Pinturas y herramientas menores,Activa,"Bogota, D.C","(4.48996944, -74.11308056)",Magdalena Cauca,Alto Magdalena,Río Bogotá,Pinturas Tito Pabon,Carrera 27 # 78 44 Barrio Santa Sofía,Tel. 660 66 31 Celular: 310 276 8579 WhatsApp: 350 614 7456,servicioalcliente@pinturastitopabon.com,,,Pinturas
2120000128,Productos y materias primas,Activa,"Bogota, D.C","(4.50448889, -74.09235)",Magdalena Cauca,Alto Magdalena,Río Bogotá,FILMTEX SAS,Cra 73 62 D 81 SUR Bogotá,6017245757,,,,"Productos y materias primas relacionadas con envases, plastico, carton, papel aluminio"
2120000130,Productos y materias primas,Activa,"Bogota, D.C","(4.5328, -74.11683889)",Magdalena Cauca,Alto Magdalena,Río Bogotá,PLASTICOMERCIAL SAS,Cll 38 SUR 72 P 46 SUR Bogota,6014032535,,,,Fabricación de formas básicas de plástico
2120000131,Pinturas y herramientas menores,Activa,"Bogota, D.C","(4.545, -74.13943889)",Magdalena Cauca,Alto Magdalena,Río Bogotá,NOVACOLOR SAS,Carrera 69 R # 77 – 44 Bogotá - Las ferias,601 290 6990,contactenos@novacolor.com.co,,,Pigmentos para todo tipo de materias primas
2120000135,Yesos entro otros,Activa,"Bogota, D.C","(4.61823056, -74.06438889)",Magdalena Cauca,Alto Magdalena,Río Bogotá,Eliana León - Elis Pottery,Transversal 26 #53c 37 - Detrás del Campin,3124341624,,elispottery.negocio.site,,Yesos y demás materiales. Enseñanza. Horno y realización de todos los procesos necesarios. 
2120000136,Manufactura de calzado,Activa,"Bogota, D.C","(4.58781111, -74.06813056)",Magdalena Cauca,Alto Magdalena,Río Bogotá,Hernán Jiménez,Carrera 29C # 18-45 sur,315 6083179,,,,"Manufactura de calzado, el material lo llevaba cada grupo"
2120700159,Cerámica y porcelana,Activa,"Bogota, D.C","(4.56, -74.13)",Magdalena Cauca,Alto Magdalena,Río Bogotá,Don Abelino Pulido,Cra 107 B #155-17 (ACCESO 108),310 2186919,,,,"Taller completo de cerámica y porcelana, desde enseñanza hasta los insumos necesarios"
2120000142,Cerámica y esmaltado,Activa,"Bogota, D.C","(4.64, -74.21)",Magdalena Cauca,Alto Magdalena,Río Bogotá,Eli's pottery ,Tv. 26 #53c 37. Chapinero sur occidental,+57 312 4341624,,,Instagram: @elispottery,"Vaciado de barbotina, sinterizado y esmaltado de piezas cerámicas."
2120000143,Insumos cerámica,Activa,"Bogota, D.C","(4.81, -74.03)",Magdalena Cauca,Alto Magdalena,Río Bogotá,José Darío ,Cachipai,+57 315 3491070,,,,En insumos materia prima para producir piezas de cerámicas
2120700160,Fabricación cerámica,Activa,"Bogota, D.C","(4.56, -74.15)",Magdalena Cauca,Alto Magdalena,Río Bogotá,Eliana León,"Tv. 26 #53c-37, galerías ",3124341624,elispottery@gmail.com,,Instagram: elispottery,Fabricación de piezas en cerámica 
2120000121,Cerámica y esmaltado,Activa,"Bogota, D.C","(4.57587222, -74.10617778)",Magdalena Cauca,Alto Magdalena,Río Bogotá,Abelino Pulido,Suba,3102186919,,,,"Juego de 6 piezas de cerámica. Curso de Cerámica. Asesoría, uso de hornos y esmalte."
2120000123,Fabricación cerámica,Activa,"Bogota, D.C","(4.60356111, -74.14850833)",Magdalena Cauca,Alto Magdalena,Río Bogotá,Abelino Pulido,Suba- Avenida Cali,3102186919,,,,"Todo el proceso de enseñanza para hacer unas piezas cerámicas
Desde la elaboración del modelo, molde, barbotina, horneado y acabados"
2120000124,Piezas metálicas,Activa,"Bogota, D.C","(4.583175, -74.13246111)",Magdalena Cauca,Alto Magdalena,Río Bogotá,Ingenieria estructural de Colombia,Cl. 7 #28 - 13 Ricaurte,3105780467,,,https://www.facebook.com/Ingestcol/,"Asesoramiento en el proceso y forma de una pieza metalica, se genero una prueba de como se haria un proceso manual por la forma que se selecciono y asesoranro para el cambio de forma y el proceso a desarrollar aunque no se hiciera con ellos"
2120000126,Corte metal,Activa,"Bogota, D.C","(4.48706111, -74.10213056)",Magdalena Cauca,Alto Magdalena,Río Bogotá,Metal cut CNC,Cra. 29 # 8 - 41,4813360,,,,Corte de laminas de acero inoxidable calibre 14 por cizalla
2120000129,Publicidad e impresión,Activa,"Bogota, D.C","(4.50643056, -74.10251111)",Magdalena Cauca,Alto Magdalena,Río Bogotá,Target Digital ,"Cl. 9 #27-70, Ricaurte",316 4946408,targetcreativo@gmail.com,,,Impresion en baner 2 pendones de 50cm x 100cm
2120000132,Herramientas eléctricas y tornillería,Activa,"Bogota, D.C","(4.53531111, -74.14908889)",Magdalena Cauca,Alto Magdalena,Río Bogotá,MECANELECTRO ,Av.Caracas (Cra 20b) No. 76 – 54 Bogotá / Calle 13 No. 22 – 96 Bogotá / (Cra 45) No. 127b - 85 Bogotá,321 473 6780-313 466 8386 - 310 217 3776,almacen.paloquemao@mecanelectro.com.co,,,Herramientas eléctricas
2120000133,Herramientas eléctricas y tornillería,Activa,"Bogota, D.C","(4.56143889, -74.07481944)",Magdalena Cauca,Alto Magdalena,Río Bogotá,Ferretería Castaño,"Cra 25 #13-13, BOGOTÁ",6013750595,,,,Herramientas eléctricas y tornillería
2120000134,Herramientas eléctricas y tornillería,Activa,"Bogota, D.C","(4.55256944, -74.08373056)",Magdalena Cauca,Alto Magdalena,Río Bogotá,TORCOL,"Av 1 de Mayo # 69 c 26, Bogotá",3229417829,,,,Herramientas y Tornillería
2120000137,Pinturas y herramientas menores,Activa,"Bogota, D.C","(4.74943056, -74.02285)",Magdalena Cauca,Alto Magdalena,Río Bogotá,M&D Pinturas,Principal - Av. calle 72#82-73 / Las ferias - Av. Calle 72 # 68f - 10 / Prado veraniego - Calle 129 # 52 - 63 / Suba - Calle 139 # 101 - 06 / Usaquen - Carrera 7 # 120A - 28,3218365778,,,,Pinturas y herramientas menores
2120000138,Pinturas y herramientas menores,Activa,"Bogota, D.C","(4.76586944, -74.04681111)",Magdalena Cauca,Alto Magdalena,Río Bogotá,El club de los colores,Calle 23 #20 - 39 - Bogota,3128183 - 6965729 - 2682424 - 3379249,info@elclubdeloscolores.com,,,Pinturas
2120000139,Pinturas y herramientas menores,Activa,"Bogota, D.C","(4.67553056, -74.01926944)",Magdalena Cauca,Alto Magdalena,Río Bogotá,Pinturas Tito Pabon,Carrera 27 # 78 44 Barrio Santa Sofía,Tel. 660 66 31 Celular: 310 276 8579 WhatsApp: 350 614 7456,servicioalcliente@pinturastitopabon.com,,,Pinturas
2120000140,Productos y materias primas,Activa,"Bogota, D.C","(4.7055, -74.02263056)",Magdalena Cauca,Alto Magdalena,Río Bogotá,FILMTEX SAS,Cra 73 62 D 81 SUR Bogotá,6017245757,,,,"Productos y materias primas relacionadas con envases, plastico, carton, papel aluminio"
2120000141,Productos y materias primas,Activa,"Bogota, D.C","(4.75, -74.08)",Magdalena Cauca,Alto Magdalena,Río Bogotá,PLASTICOMERCIAL SAS,Cll 38 SUR 72 P 46 SUR Bogota,6014032535,,,,Fabricación de formas básicas de plástico
2120000144,Pinturas y herramientas menores,Activa,"Bogota, D.C","(4.65, -74.08)",Magdalena Cauca,Alto Magdalena,Río Bogotá,NOVACOLOR SAS,Carrera 69 R # 77 – 44 Bogotá - Las ferias,601 290 6990,contactenos@novacolor.com.co,,,Pigmentos para todo tipo de materias primas
2120000145,Yesos entro otros,Activa,"Bogota, D.C","(4.58, -74.18)",Magdalena Cauca,Alto Magdalena,Río Bogotá,Eliana León - Elis Pottery,Transversal 26 #53c 37 - Detrás del Campin,3124341624,,elispottery.negocio.site,,Yesos y demás materiales. Enseñanza. Horno y realización de todos los procesos necesarios. 
2120000149,Manufactura de calzado,Activa,"Bogota, D.C","(4.72, -74.11)",Magdalena Cauca,Alto Magdalena,Río Bogotá,Hernán Jiménez,Carrera 29C # 18-45 sur,315 6083179,,,,"Manufactura de calzado, el material lo llevaba cada grupo"
